combination,train_RMSE,test_RMSE,train_R2,test_R2,train_std_diff,test_std_diff,colsample_bytree,learning_rate,max_depth,alpha,n_estimators
1,18.461396149215748,19.150053311224642,0.00617317932210526,-0.34614066000290644,0.9969086320610804,1.1602330197003128,0.1,0.001,3,1,10
2,18.1947929332631,19.033387506132215,0.03466986326988297,-0.3297887265388255,0.9825121560215513,1.1531646571668877,0.1,0.001,3,1,50
3,17.825806094804243,18.846439457360013,0.07342626385705553,-0.3037943508882084,0.9625870018564266,1.1418381456617255,0.1,0.001,3,1,100
4,18.46899142955378,19.153631387393443,0.005355262193028509,-0.3466437441158754,0.9973187744181755,1.1604498024972365,0.1,0.001,3,10,10
5,18.2272660033253,19.050365193276484,0.031221051657588705,-0.3321621144739484,0.9842656899142688,1.1541932743149859,0.1,0.001,3,10,50
6,17.89369851311349,18.88461706591855,0.0663548161319415,-0.30908194553941715,0.9662531675850065,1.144151189982957,0.1,0.001,3,10,100
7,18.499778556854253,19.15812046924073,0.002036426146950876,-0.3472750502402746,0.9989812680191003,1.1607217798595295,0.1,0.001,3,100,10
8,18.402107861387986,19.110905335603455,0.012546226780392633,-0.3406425221559186,0.9937070862279324,1.1578611843204343,0.1,0.001,3,100,50
9,18.260338936039105,19.034485622281803,0.027702210247502634,-0.32994217317043795,0.9860516161705214,1.1532311880843484,0.1,0.001,3,100,100
10,18.44779657272728,19.150213915159238,0.00763684389186603,-0.34616323919781267,0.9961742599104506,1.1602427501164627,0.1,0.001,5,1,10
11,18.130476325350855,19.037602712914612,0.04148247445771602,-0.33037779195315187,0.9790390827450577,1.1534200414216633,0.1,0.001,5,1,50
12,17.712338197877,18.851209935266386,0.08518469503693649,-0.3044544765674968,0.9564597769708163,1.142127171801589,0.1,0.001,5,1,100
13,18.46133141760607,19.155286351468163,0.006180148664677532,-0.3468764669093434,0.9969051365778605,1.1605500708325096,0.1,0.001,5,10,10
14,18.188060878948992,19.056234510355996,0.035384073394459925,-0.33298310517412233,0.9821486275536612,1.154548875177713,0.1,0.001,5,10,50
15,17.829641386200503,18.902055283653937,0.07302750909069244,-0.31150069681529735,0.9627941061874588,1.1452077090271866,0.1,0.001,5,10,100
16,18.499778556854253,19.15812046924073,0.002036426146950876,-0.3472750502402746,0.9989812680191003,1.1607217798595295,0.1,0.001,5,100,10
17,18.402107861387986,19.110905335603455,0.012546226780392633,-0.3406425221559186,0.9937070862279324,1.1578611843204343,0.1,0.001,5,100,50
18,18.260338936039105,19.034485622281803,0.027702210247502634,-0.32994217317043795,0.9860516161705214,1.1532311880843484,0.1,0.001,5,100,100
19,18.445020203776615,19.149023667453395,0.007935520096268855,-0.34599590760337895,0.9960243370037357,1.1601706372785767,0.1,0.001,8,1,10
20,18.11462863306029,19.037137455773898,0.04315740584690231,-0.3303127669378221,0.9781833131643055,1.153391853160851,0.1,0.001,8,1,50
21,17.682424795577436,18.850106466173443,0.0882720491865967,-0.30430176668053543,0.9548444642000096,1.1420603165684968,0.1,0.001,8,1,100
22,18.460867882173662,19.15423154775562,0.006230054591908618,-0.3467281369751678,0.996880105834243,1.1604861640602044,0.1,0.001,8,10,10
23,18.185506144009896,19.05502983717868,0.03565503850214746,-0.33281457678676096,0.9820106728024155,1.154475888352269,0.1,0.001,8,10,50
24,17.824766120225785,18.897451445356793,0.07353437509942795,-0.310861908944289,0.9625308436099967,1.1449287789833429,0.1,0.001,8,10,100
25,18.499778556854253,19.15812046924073,0.002036426146950876,-0.3472750502402746,0.9989812680191003,1.1607217798595295,0.1,0.001,8,100,10
26,18.402107861387986,19.110905335603455,0.012546226780392633,-0.3406425221559186,0.9937070862279324,1.1578611843204343,0.1,0.001,8,100,50
27,18.260338936039105,19.034485622281803,0.027702210247502634,-0.32994217317043795,0.9860516161705214,1.1532311880843484,0.1,0.001,8,100,100
28,18.44498159690951,19.14837314797354,0.007939673028716343,-0.3459044583785751,0.9960222522470488,1.1601312246373574,0.1,0.001,10,1,10
29,18.11438421076491,19.032690745691273,0.043183227197157725,-0.32969136843900904,0.978170114449855,1.1531224429517488,0.1,0.001,10,1,50
30,17.682902903982907,18.84176311291004,0.08822274478463155,-0.3031474132986567,0.9548702818788364,1.1415548227302343,0.1,0.001,10,1,100
31,18.460867882173662,19.15423154775562,0.006230054591908618,-0.3467281369751678,0.996880105834243,1.1604861640602044,0.1,0.001,10,10,10
32,18.185506144009896,19.05502983717868,0.03565503850214746,-0.33281457678676096,0.9820106728024155,1.154475888352269,0.1,0.001,10,10,50
33,17.824766120225785,18.897451445356793,0.07353437509942795,-0.310861908944289,0.9625308436099967,1.1449287789833429,0.1,0.001,10,10,100
34,18.499778556854253,19.15812046924073,0.002036426146950876,-0.3472750502402746,0.9989812680191003,1.1607217798595295,0.1,0.001,10,100,10
35,18.402107861387986,19.110905335603455,0.012546226780392633,-0.3406425221559186,0.9937070862279324,1.1578611843204343,0.1,0.001,10,100,50
36,18.260338936039105,19.034485622281803,0.027702210247502634,-0.32994217317043795,0.9860516161705214,1.1532311880843484,0.1,0.001,10,100,100
37,17.955787608857403,19.039656179159852,0.05986429005043181,-0.3306648063704656,0.9696059560200568,1.1535444535736217,0.1,0.01,3,1,10
38,15.595082846525267,18.06171546703734,0.2908191460704095,-0.19748052862878285,0.8421287632717401,1.0942945346792072,0.1,0.01,3,1,50
39,12.880583053125546,16.78955303971604,0.5162146929757536,-0.03473404176439443,0.695546768394654,1.0172187777289576,0.1,0.01,3,1,100
40,18.030249726317614,19.074801187041572,0.05205069251049643,-0.3355818476441532,0.9736268830971666,1.1556737635008216,0.1,0.01,3,10,10
41,15.876359164493904,18.250126812870914,0.26500656454136395,-0.22259394532471677,0.8573175814472931,1.1057097021030051,0.1,0.01,3,10,50
42,13.419909265392587,17.110259030948114,0.47485312098303356,-0.07464157017179751,0.7246701863723707,1.0366492030440178,0.1,0.01,3,10,100
43,18.33273236224675,19.116424472546694,0.019977545804659602,-0.3414169761094945,0.9899608346774839,1.1581955690251515,0.1,0.01,3,100,10
44,17.446527530307048,18.703860985102633,0.11243609963310319,-0.2841418492714769,0.9421060982537459,1.1331998275994737,0.1,0.01,3,100,50
45,16.49410630238229,18.16319739215029,0.20669679619463,-0.21097470910374394,0.8906757006932267,1.1004429604044654,0.1,0.01,3,100,100
46,17.82302369404277,19.04082465242741,0.07371549602413296,-0.33082813851791015,0.9624367532341369,1.153615247176419,0.1,0.01,5,1,10
47,15.004738208451553,18.134107181948032,0.3434943395647848,-0.2070988167863117,0.8102503689818445,1.0986804889440387,0.1,0.01,5,1,50
48,11.997503462384456,16.861176878591454,0.5802763917903974,-0.04358117466122646,0.6478607938512738,1.0215582091399522,0.1,0.01,5,1,100
49,17.956436723451628,19.091013503148407,0.05979631566203214,-0.33785312446031845,0.9696410079704592,1.1566560095639147,0.1,0.01,5,10,10
50,15.566171172980972,18.352518094285756,0.2934462048363722,-0.23635101428988303,0.8405675434869156,1.1119132224638228,0.1,0.01,5,10,50
51,12.989374004828171,17.32247905312375,0.5080079635775023,-0.101464633952012,0.7014214399506887,1.0495068527418066,0.1,0.01,5,10,100
52,18.33273236224675,19.116424472546694,0.019977545804659602,-0.3414169761094945,0.9899608346774839,1.1581955690251515,0.1,0.01,5,100,10
53,17.439895410047146,18.69386881010874,0.11311076818040744,-0.2827701600111887,0.9417479661881901,1.1325944375685362,0.1,0.01,5,100,50
54,16.48683369358811,18.151506696766955,0.20739621110411754,-0.2094163292619977,0.8902829824813471,1.0997346631174256,0.1,0.01,5,100,100
55,17.79670808100992,19.03079442022109,0.07644878636199737,-0.3294264135751148,0.9610157197663328,1.1530075513955296,0.1,0.01,8,1,10
56,14.867678011566221,18.145936216397338,0.3554332125790086,-0.2086741323439778,0.8028491685372735,1.0993971676987246,0.1,0.01,8,1,50
57,11.814995196343189,16.912448629356437,0.5929490913060594,-0.049937502645318155,0.6380054143139701,1.0246645805556658,0.1,0.01,8,1,100
58,17.951874078580598,19.080972225567063,0.06027405749615011,-0.3364461565467891,0.969394626818124,1.1560476445833836,0.1,0.01,8,10,10
59,15.547167476959181,18.353320819270408,0.2951703201956475,-0.2364591707345045,0.839541350860309,1.111961856690464,0.1,0.01,8,10,50
60,12.967634168664285,17.353472075413684,0.5096534432837354,-0.10540959553601392,0.7002474967582996,1.0513846087593322,0.1,0.01,8,10,100
61,18.33273236224675,19.116424472546694,0.019977545804659602,-0.3414169761094945,0.9899608346774839,1.1581955690251515,0.1,0.01,8,100,10
62,17.439895410047146,18.69386881010874,0.11311076818040744,-0.2827701600111887,0.9417479661881901,1.1325944375685362,0.1,0.01,8,100,50
63,16.48683369358811,18.151506696766955,0.20739621110411754,-0.2094163292619977,0.8902829824813471,1.0997346631174256,0.1,0.01,8,100,100
64,17.79636694695061,19.023983066303867,0.07648419198347656,-0.3284749479528626,0.9609972986520428,1.1525948759008355,0.1,0.01,10,1,10
65,14.865864302777824,18.109462127754803,0.355590464456473,-0.20382004487396865,0.8027512289268245,1.097187333536971,0.1,0.01,10,1,50
66,11.811530903613843,16.868327554964235,0.5931877603439846,-0.044466509493149564,0.637818343775103,1.021991442964739,0.1,0.01,10,1,100
67,17.951874078580598,19.080972225567063,0.06027405749615011,-0.3364461565467891,0.969394626818124,1.1560476445833836,0.1,0.01,10,10,10
68,15.547167476959181,18.353320819270408,0.2951703201956475,-0.2364591707345045,0.839541350860309,1.111961856690464,0.1,0.01,10,10,50
69,12.967634168664285,17.353472075413684,0.5096534432837354,-0.10540959553601392,0.7002474967582996,1.0513846087593322,0.1,0.01,10,10,100
70,18.33273236224675,19.116424472546694,0.019977545804659602,-0.3414169761094945,0.9899608346774839,1.1581955690251515,0.1,0.01,10,100,10
71,17.439895410047146,18.69386881010874,0.11311076818040744,-0.2827701600111887,0.9417479661881901,1.1325944375685362,0.1,0.01,10,100,50
72,16.48683369358811,18.151506696766955,0.20739621110411754,-0.2094163292619977,0.8902829824813471,1.0997346631174256,0.1,0.01,10,100,100
73,13.771916395544899,18.397481656092552,0.44694237415127014,-0.24241654093424292,0.7436784425063898,1.1146374033443536,0.1,0.1,3,1,10
74,4.683220836512452,16.30904619552162,0.9360455299594849,0.023645362651161128,0.25289221031996045,0.9881065920986656,0.1,0.1,3,1,50
75,1.8945010135334988,15.040217036603915,0.9895342269291827,0.16965480986225812,0.10230236102269229,0.9112327859212167,0.1,0.1,3,1,100
76,14.327961065062238,18.65717895416116,0.40138111293766077,-0.2777397977334375,0.7737046510538368,1.1303715308399436,0.1,0.1,3,10,10
77,6.211303830374614,16.67218635647658,0.8875013846854429,-0.020318073690305916,0.33540813245143164,1.0101079515033557,0.1,0.1,3,10,50
78,3.9085430337970872,15.934895103108078,0.9554537217202428,0.06792923671318973,0.21105989263656225,0.9654381198641424,0.1,0.1,3,10,100
79,16.914716320923517,18.86764980833703,0.16572147057368736,-0.3067306611799414,0.9133884876799755,1.1431232047246445,0.1,0.1,3,100,10
80,12.969504639617849,17.532534126859893,0.509511976439865,-0.12833966007035524,0.7003485015048829,1.0622333359814853,0.1,0.1,3,100,50
81,11.791383238806873,16.92085117960051,0.594574426683274,-0.05098103505762386,0.636730377252983,1.0251736609265882,0.1,0.1,3,100,100
82,12.710704270469098,18.281381988180655,0.528891588257667,-0.22678516106390978,0.6863733763356012,1.1076033410313955,0.1,0.1,5,1,10
83,3.0363694738287466,15.815191078754921,0.9731161871773588,0.08188019780056233,0.16396283976145684,0.958185682526846,0.1,0.1,5,1,50
84,0.9212688017388567,14.98425724891272,0.9975251187903026,0.17582220732234077,0.04974817795354278,0.9078423831688291,0.1,0.1,5,1,100
85,13.793482689885847,18.925387408489026,0.44520888374476386,-0.31474044862399997,0.7448430145038861,1.1466213187552374,0.1,0.1,5,10,10
86,5.6156898778944155,16.893732949771245,0.9080423504278693,-0.047615021543336855,0.3032451971130471,1.023530664681492,0.1,0.1,5,10,50
87,3.562165446707583,16.037739086941173,0.9629993116971067,0.05585922260258591,0.19235562976656884,0.9716690678401849,0.1,0.1,5,10,100
88,16.914716320923517,18.86764980833703,0.16572147057368736,-0.3067306611799414,0.9133884876799755,1.1431232047246445,0.1,0.1,5,100,10
89,12.969504639617849,17.532534126859893,0.509511976439865,-0.12833966007035524,0.7003485015048829,1.0622333359814853,0.1,0.1,5,100,50
90,11.791383238806873,16.92085117960051,0.594574426683274,-0.05098103505762386,0.636730377252983,1.0251736609265882,0.1,0.1,5,100,100
91,12.573143261620988,18.264007117846198,0.5390335074233303,-0.224454363099734,0.6789451322284222,1.1065506599788977,0.1,0.1,8,1,10
92,2.7601497112603104,15.807315029333704,0.9777849698137284,0.0827944272048583,0.14904707372595938,0.9577085009516944,0.1,0.1,8,1,50
93,0.806664923495436,15.233238417404994,0.9981025603337138,0.14820527492168112,0.04355961049282033,0.9229272588228818,0.1,0.1,8,1,100
94,13.762973405413232,18.87524540938653,0.4476604126397452,-0.3077829811806734,0.7431955243139283,1.143583394939203,0.1,0.1,8,10,10
95,5.443155085366412,16.775151196376974,0.9136061065526235,-0.03295964239412075,0.29392838149347966,1.0163462217148842,0.1,0.1,8,10,50
96,3.5210531590640293,15.965803537488975,0.963848460728322,0.06430991099253958,0.19013558128787467,0.9673107510037611,0.1,0.1,8,10,100
97,16.914716320923517,18.86764980833703,0.16572147057368736,-0.3067306611799414,0.9133884876799755,1.1431232047246445,0.1,0.1,8,100,10
98,12.969504639617849,17.532534126859893,0.509511976439865,-0.12833966007035524,0.7003485015048829,1.0622333359814853,0.1,0.1,8,100,50
99,11.791383238806873,16.92085117960051,0.594574426683274,-0.05098103505762386,0.636730377252983,1.0251736609265882,0.1,0.1,8,100,100
100,12.567648701533061,18.224693389223205,0.5394363111790828,-0.2191886996277881,0.6786484279956134,1.1041687822193618,0.1,0.1,10,1,10
101,2.763526572190932,15.777739312106316,0.9777305793171428,0.08622342638551506,0.14922942297971015,0.9559166143626152,0.1,0.1,10,1,50
102,0.8074570030867272,15.207822434174947,0.9980988322402613,0.1510452672449869,0.043602382500714826,0.9213873955915682,0.1,0.1,10,1,100
103,13.762973405413232,18.87524540938653,0.4476604126397452,-0.3077829811806734,0.7431955243139283,1.143583394939203,0.1,0.1,10,10,10
104,5.441553421398964,16.774715119897166,0.9136569423732097,-0.0329059387291506,0.29384189222571766,1.0163198014056158,0.1,0.1,10,10,50
105,3.518861500234065,15.971146384947726,0.9638934513478821,0.06368356157205701,0.1900172325135748,0.9676344549611402,0.1,0.1,10,10,100
106,16.914716320923517,18.86764980833703,0.16572147057368736,-0.3067306611799414,0.9133884876799755,1.1431232047246445,0.1,0.1,10,100,10
107,12.969504639617849,17.532534126859893,0.509511976439865,-0.12833966007035524,0.7003485015048829,1.0622333359814853,0.1,0.1,10,100,50
108,11.791383238806873,16.92085117960051,0.594574426683274,-0.05098103505762386,0.636730377252983,1.0251736609265882,0.1,0.1,10,100,100
109,2.752442619813235,18.6894069261653,0.9779088574647173,-0.2821578856251452,0.1486308936099176,1.132324108029651,0.1,1.0,3,1,10
110,0.31571299530803365,17.68112869571595,0.9997093525299455,-0.14754688424815687,0.017048386142226212,1.0712361477508854,0.1,1.0,3,1,50
111,0.3044214098342298,17.679206046442122,0.9997297709617005,-0.14729732888737956,0.016438644661272792,1.0711196613298533,0.1,1.0,3,1,100
112,5.356050750975371,20.105066067407698,0.9163490270207626,-0.48375254460157047,0.289224779331297,1.2180938160099042,0.1,1.0,3,10,10
113,2.4913172727238133,18.566299323118958,0.9819016197767483,-0.2653223032615999,0.1345302204831753,1.1248654600713812,0.1,1.0,3,10,50
114,2.48158967234831,18.584884256627447,0.9820426777642004,-0.2678567556292857,0.13400493362484678,1.1259914545098846,0.1,1.0,3,10,100
115,11.423401562317231,17.763990004126832,0.6194843554509495,-0.1583278753940729,0.6168595014661366,1.0762564171209723,0.1,1.0,3,100,10
116,10.650507430549808,17.34250883710801,0.6692329581824921,-0.10401332847692202,0.5751235013608017,1.0507203854865108,0.1,1.0,3,100,50
117,10.650507430549808,17.34250883710801,0.6692329581824921,-0.10401332847692202,0.5751235013608017,1.0507203854865108,0.1,1.0,3,100,100
118,1.38249070397371,19.36809858934323,0.9944267815099795,-0.37696988415205235,0.07465399178892214,1.1734436007546558,0.1,1.0,5,1,10
119,0.32104470202999685,19.174020716446694,0.9996994528287643,-0.34951231521261317,0.01733629635290489,1.1616851187876227,0.1,1.0,5,1,50
120,0.3195202722340411,19.173683678954777,0.9997023002534546,-0.34946487265945825,0.017253977702122676,1.1616646988952786,0.1,1.0,5,1,100
121,4.084932029892739,18.997366318704845,0.9513423310808863,-0.3247601689688693,0.2205848338374916,1.1509822626647506,0.1,1.0,5,10,10
122,2.425792597341348,17.749519432095504,0.9828411189891049,-0.15644149289624631,0.13099191200564694,1.0753796970820335,0.1,1.0,5,10,50
123,2.425792597341348,17.749519432095504,0.9828411189891049,-0.15644149289624631,0.13099191200564694,1.0753796970820335,0.1,1.0,5,10,100
124,11.423401562317231,17.763990004126832,0.6194843554509495,-0.1583278753940729,0.6168595014661366,1.0762564171209723,0.1,1.0,5,100,10
125,10.650507430549808,17.34250883710801,0.6692329581824921,-0.10401332847692202,0.5751235013608017,1.0507203854865108,0.1,1.0,5,100,50
126,10.650507430549808,17.34250883710801,0.6692329581824921,-0.10401332847692202,0.5751235013608017,1.0507203854865108,0.1,1.0,5,100,100
127,0.9309206299309364,18.089413040052676,0.9974729901239393,-0.2011560084474331,0.05026937314171187,1.095972631249263,0.1,1.0,8,1,10
128,0.30503457969296627,18.0017424643746,0.9997286812671534,-0.18954138557783873,0.01647175560912058,1.0906609856311165,0.1,1.0,8,1,50
129,0.30503457969296627,18.0017424643746,0.9997286812671534,-0.18954138557783873,0.01647175560912058,1.0906609856311165,0.1,1.0,8,1,100
130,4.205480361581287,18.162916159855637,0.9484281336668753,-0.21093720881651334,0.22709439960757455,1.1004259215487944,0.1,1.0,8,10,10
131,2.396500376113748,17.417950487462058,0.9832530149442964,-0.11363935723041152,0.1294101427852688,1.0552911243966812,0.1,1.0,8,10,50
132,2.396500376113748,17.417950487462058,0.9832530149442964,-0.11363935723041152,0.1294101427852688,1.0552911243966812,0.1,1.0,8,10,100
133,11.423401562317231,17.763990004126832,0.6194843554509495,-0.1583278753940729,0.6168595014661366,1.0762564171209723,0.1,1.0,8,100,10
134,10.650507430549808,17.34250883710801,0.6692329581824921,-0.10401332847692202,0.5751235013608017,1.0507203854865108,0.1,1.0,8,100,50
135,10.650507430549808,17.34250883710801,0.6692329581824921,-0.10401332847692202,0.5751235013608017,1.0507203854865108,0.1,1.0,8,100,100
136,0.9425654606949507,17.99006006183515,0.9974093742812938,-0.18799795808656117,0.050898189738989075,1.0899531907777331,0.1,1.0,10,1,10
137,0.3033522590815582,17.852533801972555,0.9997316657576892,-0.16990391871391108,0.016380910912118716,1.0816209681371338,0.1,1.0,10,1,50
138,0.3033522590815582,17.852533801972555,0.9997316657576892,-0.16990391871391108,0.016380910912118716,1.0816209681371338,0.1,1.0,10,1,100
139,4.205480361581287,18.162916159855637,0.9484281336668753,-0.21093720881651334,0.22709439960757455,1.1004259215487944,0.1,1.0,10,10,10
140,2.396500376113748,17.417950487462058,0.9832530149442964,-0.11363935723041152,0.1294101427852688,1.0552911243966812,0.1,1.0,10,10,50
141,2.396500376113748,17.417950487462058,0.9832530149442964,-0.11363935723041152,0.1294101427852688,1.0552911243966812,0.1,1.0,10,10,100
142,11.423401562317231,17.763990004126832,0.6194843554509495,-0.1583278753940729,0.6168595014661366,1.0762564171209723,0.1,1.0,10,100,10
143,10.650507430549808,17.34250883710801,0.6692329581824921,-0.10401332847692202,0.5751235013608017,1.0507203854865108,0.1,1.0,10,100,50
144,10.650507430549808,17.34250883710801,0.6692329581824921,-0.10401332847692202,0.5751235013608017,1.0507203854865108,0.1,1.0,10,100,100
145,18.42646807941479,19.135198170997633,0.009930166620423453,-0.344053005014739,0.9950225290814156,1.159333000054229,0.3,0.001,3,1,10
146,18.035567286770956,18.969314130733625,0.051491463309574215,-0.3208506814140104,0.9739140294145197,1.1492826812468768,0.3,0.001,3,1,50
147,17.54348947915565,18.705450034313223,0.10254311990300491,-0.2843600556915311,0.9473420079870811,1.133296102389632,0.3,0.001,3,1,100
148,18.435792072126368,19.138032753464696,0.008927940966994563,-0.34445123567138336,0.995526021273681,1.1595047372354212,0.3,0.001,3,10,10
149,18.076167668376147,18.972955118451058,0.04721622724980501,-0.32135778068135346,0.9761064351545865,1.1495032756288055,0.3,0.001,3,10,50
150,17.623602457101875,18.73189919363461,0.09432786653450953,-0.2879947461506074,0.951668079461264,1.134898562053282,0.3,0.001,3,10,100
151,18.483729689621534,19.15421762372486,0.00376717526879089,-0.34672617898722735,0.9981146350651359,1.1604853204531402,0.3,0.001,3,100,10
152,18.317165379393135,19.076781503999662,0.02164118385195557,-0.3358591782070619,0.9891202233035399,1.1557937437999315,0.3,0.001,3,100,50
153,18.11071595234406,18.972241984111506,0.04357070885389136,-0.3212584510942451,0.9779720298383326,1.1494600693778994,0.3,0.001,3,100,100
154,18.409315722188598,19.13801592543827,0.011772530277881721,-0.34444887132691093,0.994096308071868,1.159503717685679,0.3,0.001,5,1,10
155,17.960137637732338,18.97506452277514,0.05940871405945769,-0.32165161290126343,0.9698408559864563,1.1496310768682547,0.3,0.001,5,1,50
156,17.41240692901086,18.723005288128437,0.11590436575393093,-0.2867719567305569,0.9402635982776686,1.1343597122300124,0.3,0.001,5,1,100
157,18.42509834174428,19.14053876879434,0.0100773554942718,-0.34480335503909965,0.9949485637487641,1.1596565677126567,0.3,0.001,5,10,10
158,18.02573113545756,18.98542819172173,0.05252576727731839,-0.32309570815292266,0.9733828808452929,1.1502589743848655,0.3,0.001,5,10,50
159,17.54244929128269,18.75883616857427,0.10264954070247767,-0.2917017518080398,0.9472858382228262,1.13653057671496,0.3,0.001,5,10,100
160,18.48271122940481,19.155168506516464,0.0038769578248611936,-0.34685989476304013,0.9980596385863617,1.1605429310297142,0.3,0.001,5,100,10
161,18.311146319725466,19.08299755625897,0.022284059802757827,-0.33672988308224294,0.9887951962854806,1.156170352103116,0.3,0.001,5,100,50
162,18.10020376650324,18.982193694792723,0.044680686455995544,-0.32264492195901706,0.9774043756521681,1.1500630078213179,0.3,0.001,5,100,100
163,18.40842809334635,19.13837607548207,0.011867825298174761,-0.34449947300660355,0.9940483764394091,1.1595255378846139,0.3,0.001,8,1,10
164,17.95085457966459,18.967327019541433,0.0603807897928893,-0.32057396717105213,0.9693395742499689,1.1491622893095006,0.3,0.001,8,1,50
165,17.39515511879057,18.707543182134817,0.11765538092057226,-0.2846475126478558,0.9393320068428562,1.133422918705924,0.3,0.001,8,1,100
166,18.42484235457559,19.14085589250441,0.010104862075777432,-0.3448479172708445,0.9949347405353893,1.1596757811004093,0.3,0.001,8,10,10
167,18.023525976320286,18.982560958340407,0.052757569654466985,-0.3226961029735358,0.9732638030593417,1.1500852590019297,0.3,0.001,8,10,50
168,17.537956003853953,18.75177250297082,0.10310917288838017,-0.29072915081118667,0.9470432023469784,1.1361026145604922,0.3,0.001,8,10,100
169,18.48271122940481,19.155168506516464,0.0038769578248611936,-0.34685989476304013,0.9980596385863617,1.1605429310297142,0.3,0.001,8,100,10
170,18.311146319725466,19.08299755625897,0.022284059802757827,-0.33672988308224294,0.9887951962854806,1.156170352103116,0.3,0.001,8,100,50
171,18.10020376650324,18.982193694792723,0.044680686455995544,-0.32264492195901706,0.9774043756521681,1.1500630078213179,0.3,0.001,8,100,100
172,18.40842565416386,19.138377305827756,0.011868087160244567,-0.3444996458738492,0.9940482447244477,1.1595256124268445,0.3,0.001,10,1,10
173,17.950673710195833,18.966983348632937,0.06039972455395548,-0.3205261123791825,0.9693298073648848,1.1491414675222467,0.3,0.001,10,1,50
174,17.394687878013123,18.70693576977337,0.11770278053801131,-0.2845640919545245,0.9393067760119634,1.1333861177703406,0.3,0.001,10,1,100
175,18.42484235457559,19.14085589250441,0.010104862075777432,-0.3448479172708445,0.9949347405353893,1.1596757811004093,0.3,0.001,10,10,10
176,18.023525976320286,18.982560958340407,0.052757569654466985,-0.3226961029735358,0.9732638030593417,1.1500852590019297,0.3,0.001,10,10,50
177,17.537956003853953,18.75177250297082,0.10310917288838017,-0.29072915081118667,0.9470432023469784,1.1361026145604922,0.3,0.001,10,10,100
178,18.48271122940481,19.155168506516464,0.0038769578248611936,-0.34685989476304013,0.9980596385863617,1.1605429310297142,0.3,0.001,10,100,10
179,18.311146319725466,19.08299755625897,0.022284059802757827,-0.33672988308224294,0.9887951962854806,1.156170352103116,0.3,0.001,10,100,50
180,18.10020376650324,18.982193694792723,0.044680686455995544,-0.32264492195901706,0.9774043756521681,1.1500630078213179,0.3,0.001,10,100,100
181,17.622796217624835,18.89940216945199,0.09441072949363527,-0.31113255516352734,0.951624542824724,1.1450469663570693,0.3,0.01,3,1,10
182,14.311884948393258,17.527907148742077,0.40272367217710736,-0.12774418265987997,0.7728365466402923,1.0619530039789329,0.3,0.01,3,1,50
183,11.156017923610557,15.949674485394684,0.6370890798656754,0.06619947090115852,0.6024208828836569,0.9663335496084369,0.3,0.01,3,1,100
184,17.714134749106126,18.927561917922215,0.08499910735309579,-0.31504259089346953,0.9565567900793472,1.1467530644796504,0.3,0.01,3,10,10
185,14.675361492246068,17.65410983337529,0.37200057585524626,-0.1440423883695663,0.7924641469143912,1.069599171825393,0.3,0.01,3,10,50
186,11.763277369250602,16.229142083087098,0.5965048631238878,0.03318897888422856,0.6352126705884511,0.9832654886223614,0.3,0.01,3,10,100
187,18.177961969665898,19.079177799644448,0.03645498076613607,-0.3361948023878152,0.9816032901502846,1.1559389267551359,0.3,0.01,3,100,10
188,16.755314910593764,18.44617616946964,0.18137157748096444,-0.24900210892716879,0.9047808698900722,1.1175876291938671,0.3,0.01,3,100,50
189,15.469292764412735,17.791756156342878,0.30221352502673016,-0.16195177338977063,0.8353361448981302,1.0779386686587369,0.3,0.01,3,100,100
190,17.456755454384044,18.92449713975454,0.11139513636817944,-0.3146167581800443,0.942658402408752,1.1465673805669008,0.3,0.01,5,1,10
191,13.693668041282208,17.632178128135504,0.45320917201470956,-0.14120166566802528,0.73945306002835,1.0682704084959134,0.3,0.01,5,1,50
192,10.2423208038256,16.169677450005,0.6941007736265319,0.04026091612386318,0.5530815729831072,0.9796627398631309,0.3,0.01,5,1,100
193,17.611872668384983,18.95329232807215,0.095533046632585,-0.3186203981519662,0.9510346751656404,1.1483119777098756,0.3,0.01,5,10,10
194,14.300875245995362,17.749193073736144,0.4036422521330668,-0.15639896657546082,0.772242026742221,1.0753599242000142,0.3,0.01,5,10,50
195,11.265512261949352,16.474191106054725,0.629930307687478,0.0037721765704411547,0.6083335370604863,0.9981121296876212,0.3,0.01,5,10,100
196,18.16798813923483,19.088545269290996,0.0375120407592211,-0.3375072108277335,0.9810647069591175,1.1565064681305217,0.3,0.01,5,100,10
197,16.710534651437385,18.49498025400952,0.18574146327459173,-0.2556199620633077,0.9023627522927841,1.1205444935669924,0.3,0.01,5,100,50
198,15.404429995367181,17.889941133674508,0.3080528966477033,-0.1748117748028608,0.8318335791204252,1.0838873441473797,0.3,0.01,5,100,100
199,17.445011282969908,18.927651506980613,0.11259036619635199,-0.31505503979806715,0.9420242214527437,1.146758492359253,0.3,0.01,8,1,10
200,13.608317531262813,17.566110205719674,0.4600040550172022,-0.13266550339806593,0.7348441637400394,1.0642675901285663,0.3,0.01,8,1,50
201,10.121338322017905,16.045314206811852,0.701284667992349,0.05496711822611444,0.5465485632655628,0.9721280171736053,0.3,0.01,8,1,100
202,17.609188307173543,18.955979631388157,0.09580873917518584,-0.31899434734433707,0.9508897206431534,1.1484747917757434,0.3,0.01,8,10,10
203,14.287145369780628,17.78582234865146,0.4047867957249651,-0.16117684723273595,0.7715006184540846,1.077579160541227,0.3,0.01,8,10,50
204,11.249993486529725,16.504950952653893,0.6309491824025635,4.8482558989704216e-05,0.6074955288703255,0.9999757584266782,0.3,0.01,8,10,100
205,18.16798813923483,19.088545269290996,0.0375120407592211,-0.3375072108277335,0.9810647069591175,1.1565064681305217,0.3,0.01,8,100,10
206,16.710534651437385,18.49498025400952,0.18574146327459173,-0.2556199620633077,0.9023627522927841,1.1205444935669924,0.3,0.01,8,100,50
207,15.404429995367181,17.889941133674508,0.3080528966477033,-0.1748117748028608,0.8318335791204252,1.0838873441473797,0.3,0.01,8,100,100
208,17.44499134789348,18.927665863052397,0.11259239434852442,-0.3150570346606316,0.9420231449659162,1.1467593621421328,0.3,0.01,10,1,10
209,13.604694639165704,17.58180433131543,0.4602915389947819,-0.13469032680756632,0.7346485288933874,1.0652184408878613,0.3,0.01,10,1,50
210,10.11920164344012,16.070558492923784,0.7014107760741526,0.05199111574385662,0.5464331834047484,0.9736574778925818,0.3,0.01,10,1,100
211,17.609188307173543,18.955979631388157,0.09580873917518584,-0.31899434734433707,0.9508897206431534,1.1484747917757434,0.3,0.01,10,10,10
212,14.287145369780628,17.78582234865146,0.4047867957249651,-0.16117684723273595,0.7715006184540846,1.077579160541227,0.3,0.01,10,10,50
213,11.249993486529725,16.504950952653893,0.6309491824025635,4.8482558989704216e-05,0.6074955288703255,0.9999757584266782,0.3,0.01,10,10,100
214,18.16798813923483,19.088545269290996,0.0375120407592211,-0.3375072108277335,0.9810647069591175,1.1565064681305217,0.3,0.01,10,100,10
215,16.710534651437385,18.49498025400952,0.18574146327459173,-0.2556199620633077,0.9023627522927841,1.1205444935669924,0.3,0.01,10,100,50
216,15.404429995367181,17.889941133674508,0.3080528966477033,-0.1748117748028608,0.8318335791204252,1.0838873441473797,0.3,0.01,10,100,100
217,11.979405516279655,17.561783511272775,0.5815417226936497,-0.13210760026038448,0.646883511388527,1.0640054512362165,0.3,0.1,3,1,10
218,2.7354570652358907,14.323560874613076,0.9781806687756206,0.24690031858479056,0.14771367988232972,0.8678131604298298,0.3,0.1,3,1,50
219,1.0164789932893874,13.96652876118001,0.9969871435105345,0.28397625014556527,0.054889493434221906,0.8461818657088053,0.3,0.1,3,1,100
220,12.444320713413296,17.47080043863588,0.5484311040197853,-0.12040767093015914,0.6719887617960696,1.0584931133125801,0.3,0.1,3,10,10
221,4.368167788215297,14.32069529820195,0.9443608798431236,0.24720161919426964,0.23587946107466937,0.8676395454367731,0.3,0.1,3,10,50
222,2.9485674641494906,14.06884258391614,0.9746484937519061,0.27344715398569575,0.15922156338917776,0.8523806931262018,0.3,0.1,3,10,100
223,16.061529914852592,18.599330484867373,0.24776168264114473,-0.2698285587707261,0.8673167341628176,1.126866699645848,0.3,0.1,3,100,10
224,11.56611554256272,16.398692895643176,0.6099173064702024,0.012882314077809598,0.6245660041419142,0.9935379640065044,0.3,0.1,3,100,50
225,10.937969856117139,16.187356903469876,0.6511368690534007,0.038161067379471225,0.5906463670815214,0.980733874514656,0.3,0.1,3,100,100
226,10.58942289337252,17.680188023765663,0.6730162165842865,-0.14742478384728752,0.5718249587205105,1.07117915581255,0.3,0.1,5,1,10
227,1.562866475394336,15.088699929083273,0.9928776160698525,0.16429286294776635,0.08439421739756535,0.9141701904198328,0.3,0.1,5,1,50
228,0.45603694844477766,14.837003098318213,0.9993935685840217,0.19194142673120562,0.024625828229286204,0.8989207825324733,0.3,0.1,5,1,100
229,11.987866733383441,17.6432759330215,0.5809503883843211,-0.14263867690876775,0.6473404140138934,1.0689427846750112,0.3,0.1,5,10,10
230,3.7339622397121506,14.3579458366893,0.9593442971650278,0.2432802151504052,0.20163259368210346,0.8698964219087205,0.3,0.1,5,10,50
231,2.6079681283545963,14.199933877094182,0.9801671015092304,0.25984425957705237,0.14082932397327505,0.8603230442240563,0.3,0.1,5,10,100
232,16.01973818490364,18.58273618881596,0.2516712032367028,-0.26756369113030476,0.8650599960484229,1.1258613107884579,0.3,0.1,5,100,10
233,11.499490708175507,16.596652514435583,0.6143983859429465,-0.011093852956909345,0.620968287480974,1.005531627029657,0.3,0.1,5,100,50
234,10.90406450663034,16.30013232080053,0.6532963180008268,0.024712344059118263,0.5888154906243324,0.9875665324123137,0.3,0.1,5,100,100
235,10.399965041537572,18.024142929238515,0.6846118376079706,-0.1925036386720984,0.5615943040950729,1.0920181494243115,0.3,0.1,8,1,10
236,1.4205587835310516,15.1313607458929,0.9941156289608538,0.15956053355443922,0.0767096541456564,0.9167548562432384,0.3,0.1,8,1,50
237,0.42834901214981325,14.87100060477892,0.9994649711890139,0.1882340134450622,0.023130689807830472,0.9009805694658114,0.3,0.1,8,1,100
238,11.73824677378203,17.484648869857892,0.5982201976916672,-0.12218458298978829,0.633861027598584,1.059332140072125,0.3,0.1,8,10,10
239,3.640729702403948,14.690042100025211,0.9613491985552199,0.20786984127575892,0.19659807080635378,0.8900169429422348,0.3,0.1,8,10,50
240,2.5508646510355684,14.573295564882146,0.9810261063988573,0.220410441587639,0.13774575710758805,0.882943689264701,0.3,0.1,8,10,100
241,16.01973818490364,18.58273618881596,0.2516712032367028,-0.26756369113030476,0.8650599960484229,1.1258613107884579,0.3,0.1,8,100,10
242,11.492810377687986,16.56671523594939,0.6148462663003023,-0.007449491777541173,0.6206075520807798,1.0037178347411893,0.3,0.1,8,100,50
243,10.900838857912666,16.25850197145191,0.65350141195856,0.029687729174954436,0.5886413067747116,0.9850442989150515,0.3,0.1,8,100,100
244,10.39995317710466,18.02414340807051,0.6846125572064587,-0.1925037020325484,0.5615936634200401,1.0920181784350242,0.3,0.1,10,1,10
245,1.4179539895458495,15.092053761351787,0.9941371888172106,0.1639213089935837,0.0765689962242511,0.9143733870834257,0.3,0.1,10,1,50
246,0.43022716644172065,14.837583167123501,0.9994602690904163,0.19187824163501876,0.023232109451871024,0.8989559268200978,0.3,0.1,10,1,100
247,11.73824677378203,17.484648869857892,0.5982201976916672,-0.12218458298978829,0.633861027598584,1.059332140072125,0.3,0.1,10,10,10
248,3.640729702403948,14.690042100025211,0.9613491985552199,0.20786984127575892,0.19659807080635378,0.8900169429422348,0.3,0.1,10,10,50
249,2.5508646510355684,14.573295564882146,0.9810261063988573,0.220410441587639,0.13774575710758805,0.882943689264701,0.3,0.1,10,10,100
250,16.01973818490364,18.58273618881596,0.2516712032367028,-0.26756369113030476,0.8650599960484229,1.1258613107884579,0.3,0.1,10,100,10
251,11.492810377687986,16.56671523594939,0.6148462663003023,-0.007449491777541173,0.6206075520807798,1.0037178347411893,0.3,0.1,10,100,50
252,10.900838857912666,16.25850197145191,0.65350141195856,0.029687729174954436,0.5886413067747116,0.9850442989150515,0.3,0.1,10,100,100
253,1.6515329181592533,21.417288829397805,0.9920465400475469,-0.6837571566665366,0.0891821728399413,1.2975966849011817,0.3,1.0,3,1,10
254,0.2799514130595162,21.567338004002067,0.9997714680329889,-0.7074325519774167,0.015117273795599935,1.3066876260137372,0.3,1.0,3,1,50
255,0.2799514130595162,21.567338004002067,0.9997714680329889,-0.7074325519774167,0.015117273795599935,1.3066876260137372,0.3,1.0,3,1,100
256,3.517198140535555,19.014605476095102,0.9639275782853465,-0.32716556672032326,0.1899274116989265,1.1520267213568975,0.3,1.0,3,10,10
257,2.459195484655061,19.019371593341578,0.9823653138300023,-0.32783097305296804,0.13279565568947546,1.152315483300024,0.3,1.0,3,10,50
258,2.459195484655061,19.019371593341578,0.9823653138300023,-0.32783097305296804,0.13279565568947546,1.152315483300024,0.3,1.0,3,10,100
259,10.365188531904925,18.143683933551188,0.6867175680166266,-0.20837410846675697,0.5597163853090004,1.0992607099622713,0.3,1.0,3,100,10
260,10.274625885490302,18.0906959193348,0.6921680702604771,-0.20132638354972743,0.5548260355638719,1.0960503563019937,0.3,1.0,3,100,50
261,10.274625885490302,18.0906959193348,0.6921680702604771,-0.20132638354972743,0.5548260355638719,1.0960503563019937,0.3,1.0,3,100,100
262,0.4400077077565899,22.45984558977333,0.9994354502775098,-0.8516717464403161,0.023760255101539965,1.3607614583167456,0.3,1.0,5,1,10
263,0.2199132650657796,22.452121045816245,0.9998589787749779,-0.8503982862026267,0.011875235788064995,1.3602934559140638,0.3,1.0,5,1,50
264,0.2199132650657796,22.452121045816245,0.9998589787749779,-0.8503982862026267,0.011875235788064995,1.3602934559140638,0.3,1.0,5,1,100
265,2.518197875888461,22.28015988151985,0.9815089600739691,-0.8221623697475793,0.13598176321121455,1.3498749459663215,0.3,1.0,5,10,10
266,2.2550613937223765,22.166169986916493,0.9851714607944579,-0.8035649486480554,0.12177248952674839,1.3429687072482572,0.3,1.0,5,10,50
267,2.2550613937223765,22.166169986916493,0.9851714607944579,-0.8035649486480554,0.12177248952674839,1.3429687072482572,0.3,1.0,5,10,100
268,10.365188531904925,18.143683933551188,0.6867175680166266,-0.20837410846675697,0.5597163853090004,1.0992607099622713,0.3,1.0,5,100,10
269,10.274625885490302,18.0906959193348,0.6921680702604771,-0.20132638354972743,0.5548260355638719,1.0960503563019937,0.3,1.0,5,100,50
270,10.274625885490302,18.0906959193348,0.6921680702604771,-0.20132638354972743,0.5548260355638719,1.0960503563019937,0.3,1.0,5,100,100
271,0.3605315175333254,21.928298383168666,0.999620974784833,-0.7650634903732121,0.0194685699312249,1.3285569202609318,0.3,1.0,8,1,10
272,0.2192554406790462,21.836415108001273,0.9998598211839524,-0.7503026520141101,0.01183971351205649,1.3229900422959011,0.3,1.0,8,1,50
273,0.2192554406790462,21.836415108001273,0.9998598211839524,-0.7503026520141101,0.01183971351205649,1.3229900422959011,0.3,1.0,8,1,100
274,2.500509241255135,22.490384718812248,0.9817678217704484,-0.8567106846854713,0.13502658341805,1.362611714570762,0.3,1.0,8,10,10
275,2.298277408785086,22.302874923387257,0.9845976663827078,-0.8258797213224247,0.12410613851575657,1.3512511688514555,0.3,1.0,8,10,50
276,2.298277408785086,22.302874923387257,0.9845976663827078,-0.8258797213224247,0.12410613851575657,1.3512511688514555,0.3,1.0,8,10,100
277,10.365188531904925,18.143683933551188,0.6867175680166266,-0.20837410846675697,0.5597163853090004,1.0992607099622713,0.3,1.0,8,100,10
278,10.274625885490302,18.0906959193348,0.6921680702604771,-0.20132638354972743,0.5548260355638719,1.0960503563019937,0.3,1.0,8,100,50
279,10.274625885490302,18.0906959193348,0.6921680702604771,-0.20132638354972743,0.5548260355638719,1.0960503563019937,0.3,1.0,8,100,100
280,0.33258368202821714,22.098191788772922,0.9996774600576871,-0.7925197298548807,0.017959397047588515,1.3388501521286393,0.3,1.0,10,1,10
281,0.23265362220453142,22.058565911430676,0.9998421657442336,-0.7860968982545395,0.012563210408429892,1.3364493623981941,0.3,1.0,10,1,50
282,0.23265362220453142,22.058565911430676,0.9998421657442336,-0.7860968982545395,0.012563210408429892,1.3364493623981941,0.3,1.0,10,1,100
283,2.500509241255135,22.490384718812248,0.9817678217704484,-0.8567106846854713,0.13502658341805,1.362611714570762,0.3,1.0,10,10,10
284,2.298277408785086,22.302874923387257,0.9845976663827078,-0.8258797213224247,0.12410613851575657,1.3512511688514555,0.3,1.0,10,10,50
285,2.298277408785086,22.302874923387257,0.9845976663827078,-0.8258797213224247,0.12410613851575657,1.3512511688514555,0.3,1.0,10,10,100
286,10.365188531904925,18.143683933551188,0.6867175680166266,-0.20837410846675697,0.5597163853090004,1.0992607099622713,0.3,1.0,10,100,10
287,10.274625885490302,18.0906959193348,0.6921680702604771,-0.20132638354972743,0.5548260355638719,1.0960503563019937,0.3,1.0,10,100,50
288,10.274625885490302,18.0906959193348,0.6921680702604771,-0.20132638354972743,0.5548260355638719,1.0960503563019937,0.3,1.0,10,100,100
289,18.39442143675208,19.084954204461358,0.013370958808403444,-0.33700401655670587,0.9932920221121261,1.1562888983972412,0.5,0.001,3,1,10
290,17.912491344462747,18.805692197881545,0.06439266725450421,-0.298162664774386,0.9672679735965084,1.1393694154111678,0.5,0.001,3,1,50
291,17.320358544082694,18.444264700259726,0.12522696824165847,-0.24874326879089836,0.9352930191968407,1.1174718201327933,0.5,0.001,3,1,100
292,18.40301230442279,19.09111336955536,0.012449159896377515,-0.3378671213006643,0.9937559258206325,1.156662060111191,0.5,0.001,3,10,10
293,17.950473619021167,18.817722048531653,0.060420671363868195,-0.29982404450476774,0.9693190025147201,1.1400982608989314,0.5,0.001,3,10,50
294,17.39372662324644,18.470420383821242,0.11780029179890306,-0.252287448296892,0.9392548686065445,1.1190564991531444,0.5,0.001,3,10,100
295,18.461866354348903,19.13463408556334,0.006122553852635271,-0.3439737636563398,0.9969340229660961,1.1592988241417048,0.5,0.001,3,100,10
296,18.240453705200782,19.023357724030667,0.029818692164463645,-0.3283876121003211,0.9849778209866131,1.1525569886562317,0.5,0.001,3,100,50
297,17.968119824496966,18.875325214558274,0.058572457246308995,-0.3077940399048156,0.9702718911489144,1.1435882300482179,0.5,0.001,3,100,100
298,18.384449835672125,19.083689637389163,0.014440370487049825,-0.33682684293367515,0.9927535593051029,1.1562122828156058,0.5,0.001,5,1,10
299,17.865376332967287,18.81259602776524,0.06930802786293633,-0.29911598669370365,0.9647237802278246,1.1397876936928666,0.5,0.001,5,1,50
300,17.235764230743044,18.462571597641947,0.1337510539476292,-0.25122338501435837,0.9307249572523404,1.1185809693600004,0.5,0.001,5,1,100
301,18.395812797551514,19.095453537038658,0.013221695196700689,-0.3384754909956105,0.993367155085822,1.1569250152864752,0.5,0.001,5,10,10
302,17.918329500913718,18.822145289429212,0.06378268933219722,-0.30043518230151744,0.9675832319071072,1.1403662491943178,0.5,0.001,5,10,50
303,17.338716833938275,18.480956145957148,0.123371596981949,-0.25371649705301236,0.9362843601267998,1.119694823178625,0.5,0.001,5,10,100
304,18.45867739746237,19.13836738036657,0.00646587326943604,-0.3444982513172077,0.9967618204619215,1.1595250110787638,0.5,0.001,5,100,10
305,18.222497223819953,19.045782168636467,0.03172790648095536,-0.33152122414551477,0.9840081775671606,1.1539156052959483,0.5,0.001,5,100,50
306,17.933368613063006,18.916931188346968,0.06221046845609379,-0.31356580943521895,0.9683953384563075,1.1461089867177636,0.5,0.001,5,100,100
307,18.38381320138982,19.08394762343097,0.014508627104919625,-0.33686298741134335,0.9927191812869743,1.1562279132642246,0.5,0.001,8,1,10
308,17.861266031113143,18.816746565727055,0.06973622873686003,-0.299689286096001,0.9645018254327671,1.1400391598958348,0.5,0.001,8,1,50
309,17.22845214790716,18.46797901743464,0.13448589115967402,-0.25195642275799246,0.9303301074566629,1.1189085855234073,0.5,0.001,8,1,100
310,18.39565858350694,19.09526251858486,0.013238239661172768,-0.33844871265913956,0.9933588275838834,1.156913442163734,0.5,0.001,8,10,10
311,17.915218913093327,18.824087108432877,0.06410771219648526,-0.30070351940868556,0.9674152613038078,1.1404838970404998,0.5,0.001,8,10,50
312,17.33317522502286,18.481996318101505,0.12393186398451661,-0.2538576280276166,0.9359851152745345,1.119757843476712,0.5,0.001,8,10,100
313,18.458325204548462,19.13832135551994,0.0065037863152539455,-0.34449178469963493,0.9967428021735326,1.1595222225984436,0.5,0.001,8,100,10
314,18.22121393508752,19.047366878127278,0.031864279547636265,-0.33174281253575155,0.9839388804455101,1.154011617158056,0.5,0.001,8,100,50
315,17.93098292076035,18.920215867498968,0.06245996184483393,-0.3140220162878882,0.9682665119455314,1.1463079936421485,0.5,0.001,8,100,100
316,18.38381320138982,19.08394762343097,0.014508627104919625,-0.33686298741134335,0.9927191812869743,1.1562279132642246,0.5,0.001,10,1,10
317,17.861265498633728,18.816741509103117,0.06973628420283884,-0.29968858756514183,0.9645017966790737,1.1400388535331336,0.5,0.001,10,1,50
318,17.228451233358342,18.46796780582723,0.134485983048937,-0.25195490267399867,0.9303300580713616,1.1189079062523417,0.5,0.001,10,1,100
319,18.39565858350694,19.09526251858486,0.013238239661172768,-0.33844871265913956,0.9933588275838834,1.156913442163734,0.5,0.001,10,10,10
320,17.915169754051234,18.824087514802493,0.0641128483330261,-0.30070357556720073,0.9674126067335354,1.1404839216609768,0.5,0.001,10,10,50
321,17.333077427098768,18.481999321372953,0.12394174992892604,-0.25385803552419395,0.9359798342224441,1.1197580254341533,0.5,0.001,10,10,100
322,18.458325204548462,19.13832135551994,0.0065037863152539455,-0.34449178469963493,0.9967428021735326,1.1595222225984436,0.5,0.001,10,100,10
323,18.22121393508752,19.047366878127278,0.031864279547636265,-0.33174281253575155,0.9839388804455101,1.154011617158056,0.5,0.001,10,100,50
324,17.93098292076035,18.920215867498968,0.06245996184483393,-0.3140220162878882,0.9682665119455314,1.1463079936421485,0.5,0.001,10,100,100
325,17.317992521562008,18.408365399062358,0.12546594612678008,-0.24388697502075196,0.9351652548470885,1.115296810280004,0.5,0.01,3,1,10
326,13.421474404109983,16.28330498391021,0.4747306200590178,0.026724968555470352,0.7247547032900044,0.9865470244466452,0.5,0.01,3,1,50
327,9.949857444885781,14.42272144381526,0.7113208972415304,0.2364369586492424,0.5372886586914615,0.8738209435294839,0.5,0.01,3,1,100
328,17.401637734893068,18.484679959568595,0.11699761532913178,-0.2542217822632955,0.9396820657386562,1.1199204356842924,0.5,0.01,3,10,10
329,13.75338637368954,16.451086191503233,0.44842964363184423,0.006564619304595398,0.7426778281113257,0.9967122858154226,0.5,0.01,3,10,50
330,10.547590222870719,14.853821832745354,0.675594560444905,0.19010841162188918,0.569566009831253,0.8999397693057635,0.5,0.01,3,10,100
331,17.970844035655208,18.892395252227097,0.058286969186412185,-0.3101605356073851,0.970418997553937,1.144622442383245,0.5,0.01,3,100,10
332,16.167146977724734,18.09819845138228,0.23783605011953424,-0.20232301282872256,0.8730200168841868,1.0965049077996516,0.5,0.01,3,100,50
333,14.555037531786054,17.27209565160262,0.38225635103636924,-0.09506660872635653,0.7859666971084912,1.0464543032193792,0.5,0.01,3,100,100
334,17.222455961996506,18.40667050483206,0.13508825291973436,-0.2436579313489493,0.9300063156131068,1.115194122719874,0.5,0.01,5,1,10
335,13.044880760638708,16.358328573153813,0.503794176128654,0.01773578620919558,0.7044187844395876,0.9910924345341379,0.5,0.01,5,1,50
336,9.41865082279527,14.977526684676242,0.7413222808117155,0.17656244231086038,0.5086036956101326,0.9074346024310179,0.5,0.01,5,1,100
337,17.332178547662817,18.51039150275894,0.1240326109234835,-0.2577133661586981,0.9359312950620449,1.1214782058331307,0.5,0.01,5,10,10
338,13.501362767084865,16.535921774667322,0.468458909947599,-0.003707769349730494,0.7290686456379817,1.0018521694091052,0.5,0.01,5,10,50
339,10.150188980903277,14.845159107957109,0.6995792775041086,0.1910527910813996,0.5481064882811472,0.8994149258927163,0.5,0.01,5,10,100
340,17.93961318870803,18.92906323196808,0.06155725963953895,-0.31525121472157225,0.9687325432545669,1.1468440237109718,0.5,0.01,5,100,10
341,16.049479666128896,18.20398082065857,0.24889000086080637,-0.2164190311232319,0.8666660251441691,1.1029138820067648,0.5,0.01,5,100,50
342,14.38331912764306,17.456259499434307,0.3967464829263335,-0.11854341747929631,0.776693966162778,1.0576121299792738,0.5,0.01,5,100,100
343,17.214236219273573,18.408293791599036,0.13591364687265162,-0.24387729774460376,0.9295624525158859,1.115292471840729,0.5,0.01,8,1,10
344,13.0080678027836,16.39158695174411,0.506590833260703,0.013737611898033908,0.7024308981951869,0.9931074403617999,0.5,0.01,8,1,50
345,9.354105129916368,15.068362600032746,0.7448555516688882,0.16654416319738918,0.5051182518293234,0.9129380246230357,0.5,0.01,8,1,100
346,17.329331844612703,18.511194803713806,0.12432033173719237,-0.25782253124799004,0.935777574139714,1.1215268749557408,0.5,0.01,8,10,10
347,13.479320748364326,16.523983674087102,0.4701930570891635,-0.002259039833968579,0.7278783846981833,1.0011288827288765,0.5,0.01,8,10,50
348,10.11444936256512,14.70905211510917,0.7016911631462874,0.2058183632042646,0.5461765619776379,0.8911686915482024,0.5,0.01,8,10,100
349,17.935937475497944,18.92858970323569,0.06194178219936275,-0.31518541099502095,0.9685340560871556,1.1468153343040983,0.5,0.01,8,100,10
350,16.038656419848838,18.20497806258499,0.24990270750993482,-0.21655230936568182,0.8660815738081866,1.1029743013169806,0.5,0.01,8,100,50
351,14.367088518048892,17.437436554481145,0.39810717692121944,-0.11613248518946073,0.7758175191878439,1.056471715281323,0.5,0.01,8,100,100
352,17.214236219273573,18.408293791599036,0.13591364687265162,-0.24387729774460376,0.9295624525158859,1.115292471840729,0.5,0.01,10,1,10
353,13.008055593368253,16.39151011066621,0.5065917594912113,0.013746858749797641,0.7024302388912289,0.9931027848365959,0.5,0.01,10,1,50
354,9.357871068450738,15.084845940457216,0.7446500693237599,0.1647197247030443,0.5053216111312083,0.9139366910770984,0.5,0.01,10,1,100
355,17.329331844612703,18.511194803713806,0.12432033173719237,-0.25782253124799004,0.935777574139714,1.1215268749557408,0.5,0.01,10,10,10
356,13.478827707427804,16.524672019710916,0.4702318144922776,-0.002342544515082423,0.7278517606681475,1.0011705871204382,0.5,0.01,10,10,50
357,10.113828547022601,14.710430908996877,0.7017277818631765,0.2056694665792469,0.5461430381656655,0.8912522277227436,0.5,0.01,10,10,100
358,17.935937475497944,18.92858970323569,0.06194178219936275,-0.31518541099502095,0.9685340560871556,1.1468153343040983,0.5,0.01,10,100,10
359,16.038656419848838,18.20497806258499,0.24990270750993482,-0.21655230936568182,0.8660815738081866,1.1029743013169806,0.5,0.01,10,100,50
360,14.367088518048892,17.437436554481145,0.39810717692121944,-0.11613248518946073,0.7758175191878439,1.056471715281323,0.5,0.01,10,100,100
361,9.985280436815113,14.268679134362133,0.709261756109824,0.25266037215285053,0.5392014872848331,0.8644880727038109,0.5,0.1,3,1,10
362,2.03210069295688,13.39581959707188,0.9879587360152517,0.3412978999530343,0.1097326933267761,0.8116046451610327,0.5,0.1,3,1,50
363,0.6558668884527546,13.354475743538314,0.9987456664406514,0.3453575631289413,0.035416571818127005,0.8090997694172571,0.5,0.1,3,1,100
364,10.499814331139952,14.927588205540166,0.6785267293267147,0.18204434415109738,0.5669861291718566,0.9044090091595188,0.5,0.1,3,10,10
365,3.462983703126719,14.376454046493977,0.9650310553779665,0.24132804794450102,0.18699985193051216,0.8710177679332948,0.5,0.1,3,10,50
366,2.4847362653481038,14.6735734995657,0.9819971100314377,0.20964491620861236,0.1341748484946499,0.8890191695297619,0.5,0.1,3,10,100
367,14.486714104769968,17.158690698140497,0.38804229307484805,-0.08073386176041808,0.7822772570675642,1.0395835039862926,0.5,0.1,3,100,10
368,11.068737442249537,15.650513312052947,0.6427454230568392,0.10090074007730221,0.597707768849595,0.9482084475065056,0.5,0.1,3,100,50
369,10.855376673086349,15.572049509974219,0.6563855449711326,0.10989340402700509,0.586186365440947,0.9434546072668228,0.5,0.1,3,100,100
370,9.127002759906345,14.800714101098068,0.7570941392103897,0.19588936346803187,0.4928548070066988,0.8967221623958941,0.5,0.1,5,1,10
371,1.1990147753738472,12.676513039471308,0.995807909018544,0.4101384569371542,0.06474635882778254,0.7680244417092764,0.5,0.1,5,1,50
372,0.356900211739315,12.594868470895937,0.9996285714858172,0.41771213342662894,0.019272480748021053,0.7630778902401582,0.5,0.1,5,1,100
373,9.985882090037919,14.805161791079922,0.7092267187621079,0.19540601216938303,0.5392339763385576,0.8969916319735747,0.5,0.1,5,10,10
374,2.9638000751819527,13.402651414292208,0.9743858800352216,0.34062585747847407,0.16004411880721614,0.8120185604538396,0.5,0.1,5,10,50
375,1.9291919272771136,13.699588258675963,0.989147432350669,0.31108522850194664,0.10417565766209977,0.8300088984451031,0.5,0.1,5,10,100
376,14.346959517645058,17.663431235884595,0.3997925585705543,-0.14525082028906966,0.7747305605366589,1.0701639221582222,0.5,0.1,5,100,10
377,10.994671299652717,16.3950071807226,0.6475105444340274,0.013325986698288772,0.5937082242701145,0.9933146597638187,0.5,0.1,5,100,50
378,10.775971682671578,16.29374358250786,0.6613941065629999,0.02547671043330424,0.5818985250342195,0.9871794616819658,0.5,0.1,5,100,100
379,9.102374300699019,14.635682872300764,0.7584032931002058,0.21372141260059774,0.49152487922768895,0.8867235123754204,0.5,0.1,8,1,10
380,1.1532635203934463,12.738928072740478,0.9961217237614194,0.4043155838341015,0.06227580781154606,0.7718059446298003,0.5,0.1,8,1,50
381,0.3315443749729963,12.551481665998713,0.9996794727497468,0.42171695429083345,0.017903274847168932,0.7604492394033717,0.5,0.1,8,1,100
382,9.937879879833329,14.651320541433527,0.7120154984639577,0.21204029759227894,0.5366418745644457,0.8876709426401886,0.5,0.1,8,10,10
383,2.8823127317991157,12.739570676035116,0.9757749975283845,0.4042554848334763,0.15564383210270671,0.7718448776577607,0.5,0.1,8,10,50
384,1.9385113048686518,13.023560124262447,0.9890423277608904,0.377398867573721,0.10467890063957283,0.7890507793711878,0.5,0.1,8,10,100
385,14.330950983352688,17.638187145206597,0.40113125068597644,-0.14197963748218023,0.7738661055467048,1.0686344732798865,0.5,0.1,8,100,10
386,10.959611009054818,16.44064737129747,0.6497550277717807,0.007824962000254065,0.5918149814158301,0.9960798351536616,0.5,0.1,8,100,50
387,10.727725805440322,16.346771354668736,0.6644193127434328,0.01912324237600138,0.5792932653298909,0.9903922241334484,0.5,0.1,8,100,100
388,9.102360011373777,14.635130007580127,0.7584040516388241,0.21378081501930646,0.4915241076093582,0.8866900162856766,0.5,0.1,10,1,10
389,1.1532850457816886,12.738445078712935,0.9961215789858684,0.40436075349977396,0.06227697017462921,0.771776681754655,0.5,0.1,10,1,50
390,0.3317162628317985,12.551822978569533,0.9996791403114446,0.4216855033495248,0.01791255672860419,0.7604699183074076,0.5,0.1,10,1,100
391,9.937879879833329,14.651320541433527,0.7120154984639577,0.21204029759227894,0.5366418745644457,0.8876709426401886,0.5,0.1,10,10,10
392,2.8813695360916873,12.745023270200038,0.9757908495069713,0.40374541297866373,0.1555928998798749,0.7721752307742953,0.5,0.1,10,10,50
393,1.933981810017199,13.059879591806812,0.9890934749833515,0.3739214663437531,0.10443430957615635,0.7912512455953841,0.5,0.1,10,10,100
394,14.330950983352688,17.638187145206597,0.40113125068597644,-0.14197963748218023,0.7738661055467048,1.0686344732798865,0.5,0.1,10,100,10
395,10.959611009054818,16.44064737129747,0.6497550277717807,0.007824962000254065,0.5918149814158301,0.9960798351536616,0.5,0.1,10,100,50
396,10.727725805440322,16.346771354668736,0.6644193127434328,0.01912324237600138,0.5792932653298909,0.9903922241334484,0.5,0.1,10,100,100
397,0.7402237067447884,13.792766289536786,0.9984022544759126,0.30168202290480595,0.039971809117019426,0.8356542210120128,0.5,1.0,3,1,10
398,0.21769550587534023,13.856364973986146,0.9998618087463053,0.295227263035989,0.011755477603856607,0.8395074371106018,0.5,1.0,3,1,50
399,0.21769550587534023,13.856364973986146,0.9998618087463053,0.295227263035989,0.011755477603856607,0.8395074371106018,0.5,1.0,3,1,100
400,2.4668449245056085,17.06439916385188,0.982255436212509,-0.0688886620381155,0.13320872264041497,1.033870718241945,0.5,1.0,3,10,10
401,2.3369940539657015,17.091892190750816,0.9840743618196133,-0.0723356814888767,0.12619682317866282,1.03553642209672,0.5,1.0,3,10,50
402,2.3369940539657015,17.091892190750816,0.9840743618196133,-0.0723356814888767,0.12619682317866282,1.03553642209672,0.5,1.0,3,10,100
403,11.07629783638892,16.685578651361062,0.6422572178094248,-0.021957917240446267,0.5981160273647373,1.0109193425988277,0.5,1.0,3,100,10
404,11.07629783638892,16.685578651361062,0.6422572178094248,-0.021957917240446267,0.5981160273647373,1.0109193425988277,0.5,1.0,3,100,50
405,11.07629783638892,16.685578651361062,0.6422572178094248,-0.021957917240446267,0.5981160273647373,1.0109193425988277,0.5,1.0,3,100,100
406,0.25276557845651576,19.790727929849787,0.9998136980104263,-0.4377189746706722,0.013649248681656035,1.1990491961010907,0.5,1.0,5,1,10
407,0.22430633598054808,19.78382790443222,0.9998532883125338,-0.43671662971895264,0.012112460008854775,1.1986311483183443,0.5,1.0,5,1,50
408,0.22430633598054808,19.78382790443222,0.9998532883125338,-0.43671662971895264,0.012112460008854775,1.1986311483183443,0.5,1.0,5,1,100
409,1.902863615747647,16.186886972358273,0.989441628126822,0.03821691238005587,0.10275393848012807,0.9807054030747177,0.5,1.0,5,10,10
410,1.902863615747647,16.186886972358273,0.989441628126822,0.03821691238005587,0.10275393848012807,0.9807054030747177,0.5,1.0,5,10,50
411,1.902863615747647,16.186886972358273,0.989441628126822,0.03821691238005587,0.10275393848012807,0.9807054030747177,0.5,1.0,5,10,100
412,10.833020447503905,18.12885008788463,0.6577994087533332,-0.20639904015779775,0.5849791374456587,1.0983619804772002,0.5,1.0,5,100,10
413,10.833020447503905,18.12885008788463,0.6577994087533332,-0.20639904015779775,0.5849791374456587,1.0983619804772002,0.5,1.0,5,100,50
414,10.833020447503905,18.12885008788463,0.6577994087533332,-0.20639904015779775,0.5849791374456587,1.0983619804772002,0.5,1.0,5,100,100
415,0.25764871768133357,19.27601064659011,0.9998064302004028,-0.3639070762704575,0.013912936411740507,1.1678643227149537,0.5,1.0,8,1,10
416,0.24811630343686256,19.277145926887123,0.9998204885172374,-0.36406773839674833,0.013398189533016556,1.167933105274762,0.5,1.0,8,1,50
417,0.24811630343686256,19.277145926887123,0.9998204885172374,-0.36406773839674833,0.013398189533016556,1.167933105274762,0.5,1.0,8,1,100
418,2.1626288301667302,16.356706558368515,0.9863621595150904,0.017930569934351492,0.11678116494071092,0.9909941624780887,0.5,1.0,8,10,10
419,2.1626288301667302,16.356706558368515,0.9863621595150904,0.017930569934351492,0.11678116494071092,0.9909941624780887,0.5,1.0,8,10,50
420,2.1626288301667302,16.356706558368515,0.9863621595150904,0.017930569934351492,0.11678116494071092,0.9909941624780887,0.5,1.0,8,10,100
421,10.386296332744282,18.5571473609649,0.6854403242392391,-0.264075169678611,0.5608561988252969,1.124310975521724,0.5,1.0,8,100,10
422,10.386296332744282,18.5571473609649,0.6854403242392391,-0.264075169678611,0.5608561988252969,1.124310975521724,0.5,1.0,8,100,50
423,10.386296332744282,18.5571473609649,0.6854403242392391,-0.264075169678611,0.5608561988252969,1.124310975521724,0.5,1.0,8,100,100
424,0.25764871768133357,19.27601064659011,0.9998064302004028,-0.3639070762704575,0.013912936411740507,1.1678643227149537,0.5,1.0,10,1,10
425,0.24811630343686256,19.277145926887123,0.9998204885172374,-0.36406773839674833,0.013398189533016556,1.167933105274762,0.5,1.0,10,1,50
426,0.24811630343686256,19.277145926887123,0.9998204885172374,-0.36406773839674833,0.013398189533016556,1.167933105274762,0.5,1.0,10,1,100
427,2.1626288301667302,16.356706558368515,0.9863621595150904,0.017930569934351492,0.11678116494071092,0.9909941624780887,0.5,1.0,10,10,10
428,2.1626288301667302,16.356706558368515,0.9863621595150904,0.017930569934351492,0.11678116494071092,0.9909941624780887,0.5,1.0,10,10,50
429,2.1626288301667302,16.356706558368515,0.9863621595150904,0.017930569934351492,0.11678116494071092,0.9909941624780887,0.5,1.0,10,10,100
430,10.386296332744282,18.5571473609649,0.6854403242392391,-0.264075169678611,0.5608561988252969,1.124310975521724,0.5,1.0,10,100,10
431,10.386296332744282,18.5571473609649,0.6854403242392391,-0.264075169678611,0.5608561988252969,1.124310975521724,0.5,1.0,10,100,50
432,10.386296332744282,18.5571473609649,0.6854403242392391,-0.264075169678611,0.5608561988252969,1.124310975521724,0.5,1.0,10,100,100
433,18.38597129542119,19.058056204845016,0.01427723790844615,-0.33323797231928776,0.9928357175744404,1.1546592451105595,0.7,0.001,3,1,10
434,17.884666656302542,18.757947212638378,0.067297094380242,-0.29157933070238373,0.9657654506244041,1.1364767180643798,0.7,0.001,3,1,50
435,17.266383282931926,18.341220331780445,0.13067056609569483,-0.23482929386671336,0.9323783748587829,1.111228731570019,0.7,0.001,3,1,100
436,18.394458687854428,19.062263254941797,0.013366962699394636,-0.3338266596409232,0.9932940336580127,1.15491413518102,0.7,0.001,3,10,10
437,17.923314390024856,18.77243922566265,0.06326170453281266,-0.29357579808604295,0.9678524140937953,1.137354737136151,0.7,0.001,3,10,50
438,17.344357919672426,18.384976573050636,0.12280108874118378,-0.24072813139130145,0.9365889766908515,1.113879765231105,0.7,0.001,3,10,100
439,18.45830888320477,19.129011706338254,0.006505543266203229,-0.34318407308938115,0.9967419208269496,1.1589581843575638,0.7,0.001,3,100,10
440,18.22814480139296,18.99815564096424,0.031127633194157678,-0.32487025627205823,0.9843131446881335,1.1510300848683575,0.7,0.001,3,100,50
441,17.94926699114547,18.83768059097061,0.06054698385334334,-0.30258275790985034,0.9692538450512626,1.1413074773740204,0.7,0.001,3,100,100
442,18.380846965845045,19.05706837917819,0.014826620295736892,-0.3330997659310757,0.9925590056537008,1.154599396297727,0.7,0.001,5,1,10
443,17.85106457197855,18.758485761259195,0.07079856527121098,-0.29165349534785556,0.9639509503749604,1.1365093467930016,0.7,0.001,5,1,50
444,17.20906068198929,18.34684930691318,0.13643315163607683,-0.2355873557488335,0.9292829753976575,1.1115697709765382,0.7,0.001,5,1,100
445,18.392259592253094,19.06359380997411,0.01360285664041172,-0.3340128696086453,0.993175283300782,1.1549947487363939,0.7,0.001,5,10,10
446,17.90439382779659,18.772708630413234,0.0652383769215894,-0.29361292676833095,0.966830710661598,1.1373710594033641,0.7,0.001,5,10,50
447,17.313838542355764,18.385661447704898,0.1258854359239021,-0.24082057198527274,0.9349409414910109,1.113921259329075,0.7,0.001,5,10,100
448,18.453401050030774,19.135225193761098,0.007033788498498339,-0.3440568011658698,0.9964768996326517,1.1593346372665096,0.7,0.001,5,100,10
449,18.205336013627676,19.030126932468853,0.03355080662890508,-0.3293331583733594,0.9830814785006861,1.152967110707569,0.7,0.001,5,100,50
450,17.903581793846392,18.887036352835885,0.06532316515485348,-0.30941737703657335,0.9667868611256292,1.1442977658968725,0.7,0.001,5,100,100
451,18.38001189147459,19.056755878789154,0.014916134598660258,-0.33305604558841817,0.9925139119434749,1.1545804630204073,0.7,0.001,8,1,10
452,17.846661466089508,18.760670850292257,0.07125689846565308,-0.29195443032800084,0.9637131842692342,1.1366417334974115,0.7,0.001,8,1,50
453,17.200520335842995,18.34825496618922,0.13729006415504175,-0.23577669412870206,0.9288217998329702,1.1116549348285654,0.7,0.001,8,1,100
454,18.391484756968637,19.063638301964158,0.013685965429528268,-0.33401909644679306,0.9931334424791423,1.1549974443464335,0.7,0.001,8,10,10
455,17.9012089546086,18.773231035006756,0.06557090227517759,-0.2936849247683402,0.9666587286756493,1.1374027100232968,0.7,0.001,8,10,50
456,17.30658243109166,18.385488198654556,0.12661795326067515,-0.24079718746103262,0.9345491141397145,1.113910762790733,0.7,0.001,8,10,100
457,18.453107984913313,19.134821993114738,0.007065327557108758,-0.3440001601955116,0.9964610742236203,1.1593102087860314,0.7,0.001,8,100,10
458,18.203687214450206,19.03674734171457,0.03372585513948223,-0.33025824525383274,0.9829924439488423,1.1533682175497262,0.7,0.001,8,100,50
459,17.900093830604185,18.905235322021756,0.06568731584981768,-0.31194202166602714,0.9665985123877351,1.1454003761419091,0.7,0.001,8,100,100
460,18.38001189147459,19.056755878789154,0.014916134598660258,-0.33305604558841817,0.9925139119434749,1.1545804630204073,0.7,0.001,10,1,10
461,17.84666041725562,18.76066135286151,0.07125700762861442,-0.2919531222463525,0.9637131276325883,1.1366411580821594,0.7,0.001,10,1,50
462,17.20051696753897,18.34821981895393,0.13729040203657195,-0.23577195971742237,0.9288216179457862,1.1116528053836874,0.7,0.001,10,1,100
463,18.39145987885341,19.06363852879685,0.013688633796756666,-0.3340191281930045,0.9931320990700296,1.1549974580894125,0.7,0.001,10,10,10
464,17.901037147785363,18.773235232293292,0.06558883855253494,-0.2936855032480823,0.9666494511701049,1.1374029643218282,0.7,0.001,10,10,50
465,17.30624420152183,18.38550318310571,0.12665209064724936,-0.24079920999883186,0.9345308498667931,1.113911670644864,0.7,0.001,10,10,100
466,18.453107984913313,19.134821993114738,0.007065327557108758,-0.3440001601955116,0.9964610742236203,1.1593102087860314,0.7,0.001,10,100,10
467,18.203687214450206,19.03674734171457,0.03372585513948223,-0.33025824525383274,0.9829924439488423,1.1533682175497262,0.7,0.001,10,100,50
468,17.900093830604185,18.905235322021756,0.06568731584981768,-0.31194202166602714,0.9665985123877351,1.1454003761419091,0.7,0.001,10,100,100
469,17.23857746315524,18.14861655211927,0.13346825146083618,-0.20903122515847294,0.9308768707724797,1.099559559623067,0.7,0.01,3,1,10
470,13.242593096065553,15.872560442420472,0.48863888617739637,0.07520718551732286,0.7150951781564491,0.9616614864299585,0.7,0.01,3,1,50
471,9.768295260954119,14.387132639017368,0.721760242315676,0.2402005713835983,0.5274843672416502,0.8716647455394773,0.7,0.01,3,1,100
472,17.322012583246703,18.206278853697725,0.12505988417835068,-0.216726166973513,0.9353823367060388,1.1030531115832605,0.7,0.01,3,10,10
473,13.58704397408134,16.11014296725661,0.46169106083769773,0.04731515500426997,0.7336953994419635,0.9760557591632405,0.7,0.01,3,10,50
474,10.32015824094088,14.175055422788022,0.68943368948886,0.2624355110875338,0.5572847660856523,0.8588157479415862,0.7,0.01,3,10,100
475,17.93905649558371,18.863315007063257,0.06161550130950344,-0.3061302931321659,0.9687024820296976,1.1428605746687415,0.7,0.01,3,100,10
476,16.069206935592682,17.965338392442707,0.24704240753633033,-0.18473514370594168,0.8677312904716931,1.0884553935306407,0.7,0.01,3,100,50
477,14.443461576837231,17.01622562675645,0.3916910438144565,-0.06286214275224489,0.7799416363969445,1.0309520564760735,0.7,0.01,3,100,100
478,17.187983881261772,18.1492683509683,0.13854716363662212,-0.2091180702697648,0.928144835876049,1.099599049776674,0.7,0.01,5,1,10
479,12.965532398157492,15.939898476438403,0.5098123793547341,0.0673438258760144,0.7001340019205365,0.965741256302114,0.7,0.01,5,1,50
480,9.323773272093982,14.663462338538823,0.7465075446017828,0.21073376538225186,0.5034803426135098,0.888406570562008,0.7,0.01,5,1,100
481,17.30131127650429,18.21860370415709,0.1271498931407088,-0.21837406482063226,0.9342644737221315,1.103799830051007,0.7,0.01,5,10,10
482,13.421224510724171,16.047645978374685,0.47475017977621314,0.05469242607743385,0.7247412091386738,0.9722692908461966,0.7,0.01,5,10,50
483,10.060498145664468,14.142707517725864,0.7048650781193002,0.2657979590293713,0.5432632160202822,0.8568559044382135,0.7,0.01,5,10,100
484,17.89104652592543,18.898495762055095,0.06663154277752803,-0.3110067954450362,0.9661099612479275,1.1449920503850828,0.7,0.01,5,100,10
485,15.937753622992076,18.088478426285928,0.2593110807608313,-0.20103189298406576,0.8606328597254284,1.0959160063545317,0.7,0.01,5,100,50
486,14.279981350823514,17.20386803953338,0.4053835628870208,-0.08643231032630605,0.7711137640536442,1.0423206370049025,0.7,0.01,5,100,100
487,17.179865987169194,18.14553261485559,0.1393607007562302,-0.20862036633131287,0.9277064725675734,1.099372714929433,0.7,0.01,8,1,10
488,12.91763228919325,15.969012231824367,0.5134276058134091,0.06393377644019904,0.697547413576017,0.9675051542807412,0.7,0.01,8,1,50
489,9.239299248654072,14.6123380074163,0.7510800546757174,0.2162277429690891,0.498918776279549,0.8853091307734892,0.7,0.01,8,1,100
490,17.29246225991401,18.22224604381517,0.12804252950905926,-0.21886127842401848,0.9337866300664948,1.1040205063421686,0.7,0.01,8,10,10
491,13.390681847626864,16.088998293302655,0.4771380802703682,0.04981432472132863,0.7230919165152049,0.9747746792354997,0.7,0.01,8,10,50
492,10.014039803039308,14.275915542812509,0.7075845896235579,0.2519021483391568,0.5407544825301426,0.8649265007275723,0.7,0.01,8,10,100
493,17.889267128858776,18.870787712426893,0.066817194354858,-0.30716534557347774,0.9660138744578889,1.1433133190746434,0.7,0.01,8,100,10
494,15.920260317224969,18.14272607081968,0.2609361512924151,-0.20824652401637134,0.8596882276195161,1.0992026764961826,0.7,0.01,8,100,50
495,14.244997209025053,17.32763449849108,0.4082934636681007,-0.10212035831328903,0.7692246332066461,1.0498192026788655,0.7,0.01,8,100,100
496,17.179865987169194,18.14553261485559,0.1393607007562302,-0.20862036633131287,0.9277064725675734,1.099372714929433,0.7,0.01,10,1,10
497,12.91677503025408,15.970868262800463,0.5134921849381922,0.06371617138787089,0.6975011219072037,0.9676176045381404,0.7,0.01,10,1,50
498,9.238275304000076,14.584926683593208,0.7511352246874003,0.21916554579888214,0.49886348364317035,0.8836483770149287,0.7,0.01,10,1,100
499,17.291156294168204,18.2248984801166,0.12817422892476915,-0.21921613996944078,0.9337161083944256,1.104181207940726,0.7,0.01,10,10,10
500,13.38805873522924,16.092445561863606,0.4773429079654503,0.049407102834801875,0.7229502694062364,0.9749835368688017,0.7,0.01,10,10,50
501,10.009229152064817,14.316054461425015,0.7078654693927124,0.24768945142020105,0.5404947091390327,0.8673583737877896,0.7,0.01,10,10,100
502,17.889267128858776,18.870787712426893,0.066817194354858,-0.30716534557347774,0.9660138744578889,1.1433133190746434,0.7,0.01,10,100,10
503,15.920260317224969,18.14272607081968,0.2609361512924151,-0.20824652401637134,0.8596882276195161,1.0992026764961826,0.7,0.01,10,100,50
504,14.244997209025053,17.32763449849108,0.4082934636681007,-0.10212035831328903,0.7692246332066461,1.0498192026788655,0.7,0.01,10,100,100
505,9.6483416470828,12.851886629385493,0.7285517934635695,0.3937046473662673,0.5210069160159302,0.7786496982814112,0.7,0.1,3,1,10
506,2.065384756564568,12.155907970982433,0.9875610545107656,0.4575930138042177,0.11153002057398888,0.7364828485414866,0.7,0.1,3,1,50
507,0.713076056755758,12.394343141443603,0.9985172998270397,0.43610596734684315,0.038505845958247874,0.7509287800138951,0.7,0.1,3,1,100
508,9.9747022294225,12.654750791602936,0.7098774344383654,0.4121619936043016,0.5386302679590468,0.7667059451939175,0.7,0.1,3,10,10
509,3.1425264984385417,11.43875843120096,0.9712035118714147,0.5197048020398727,0.16969528021894204,0.6930333310600055,0.7,0.1,3,10,50
510,1.9975318279631928,11.853435548043066,0.9883649287891519,0.4842503370507091,0.10786598727517421,0.7181571297072047,0.7,0.1,3,10,100
511,14.434098899828097,17.195879100088458,0.3924794357501671,-0.08542353408049053,0.7794360552667762,1.0418366158282644,0.7,0.1,3,100,10
512,11.00825908379849,15.687841941358464,0.6466387566210725,0.09660667412831148,0.5944419596385568,0.9504700552209358,0.7,0.1,3,100,50
513,10.821568694571411,15.562796291248128,0.6585225173882936,0.1109509274975985,0.5843607469805843,0.942893987944775,0.7,0.1,3,100,100
514,9.153589502206417,12.885793171135937,0.755676920041196,0.39050130499725844,0.4942904813556538,0.7807039739893359,0.7,0.1,5,1,10
515,1.2115512863512587,11.267373145305072,0.9957197884373316,0.5339893713639854,0.06542332583007728,0.6826497115182972,0.7,0.1,5,1,50
516,0.341031910466744,11.315886610732779,0.9996608657396292,0.5299677665149587,0.018415598289787043,0.6855889683221581,0.7,0.1,5,1,100
517,9.797692178214438,12.760275525975555,0.7200830410161874,0.4023174565271368,0.5290717900094587,0.7730993102266118,0.7,0.1,5,10,10
518,2.8990913041338784,11.231158093458845,0.9754921385583558,0.5369802152600525,0.15654986886498576,0.6804555714666075,0.7,0.1,5,10,50
519,1.9510133012608015,11.270923159189028,0.9889005338692128,0.5336956729486233,0.10535400386690161,0.6828647941220698,0.7,0.1,5,10,100
520,14.190465630207173,16.810152688035902,0.412815041418372,-0.037274697068816476,0.7662799479182709,1.0184668365090817,0.7,0.1,5,100,10
521,10.851015989941326,15.637990555954568,0.6566615543349257,0.10233899273929081,0.5859508901478641,0.9474497386461769,0.7,0.1,5,100,50
522,10.734378253194212,15.595128601230643,0.6640029849560182,0.10725302268699721,0.5796524950726788,0.9448528865982273,0.7,0.1,5,100,100
523,9.038734454546052,13.29105620429756,0.7617697617758639,0.35156050833621755,0.4880883508383869,0.8052574070840841,0.7,0.1,8,1,10
524,1.1637911966623944,11.53297753687802,0.9960505941491653,0.511759996692607,0.06284429847515738,0.6987417286146528,0.7,0.1,8,1,50
525,0.3238083909999511,11.41307326325858,0.999694256081665,0.5218593387295317,0.017485534545304354,0.6914771588928069,0.7,0.1,8,1,100
526,9.785162739029978,12.911687723724404,0.7207985074583498,0.3880492162818937,0.5283952048813938,0.7822728320209683,0.7,0.1,8,10,10
527,2.8220448277216867,11.235490781972825,0.9767774746228534,0.5366229043859765,0.152389387350782,0.6807180735179752,0.7,0.1,8,10,50
528,1.9710215323457478,11.201130868841068,0.9886717097649541,0.5394527320591512,0.10643444101908867,0.6786363296647541,0.7,0.1,8,10,100
529,14.177320302140428,16.984822850687728,0.41390241430566477,-0.05894282188929001,0.7655701050160824,1.0290494749472883,0.7,0.1,8,100,10
530,10.878642124781623,15.949100200300828,0.6549110844224724,0.06626671466472778,0.5874426913133975,0.966298755735136,0.7,0.1,8,100,50
531,10.748886496698978,15.906923384170327,0.6630941254657781,0.0711986324028352,0.5804359349094627,0.9637434137762835,0.7,0.1,8,100,100
532,9.034901628269063,13.029910846805082,0.7619717594172628,0.3767915173481027,0.4878813796228928,0.7894355468636418,0.7,0.1,10,1,10
533,1.151300800632815,11.430395006968673,0.9961349132743709,0.5204068789379641,0.062169821663159694,0.692526621193753,0.7,0.1,10,1,50
534,0.3192979699068406,11.286769815129533,0.9997027143512787,0.5323835250851205,0.017241973457854137,0.6838248861476741,0.7,0.1,10,1,100
535,9.782878942808011,12.91417131200689,0.7209288200387963,0.38781377378980153,0.5282718807216638,0.7824233037238848,0.7,0.1,10,10,10
536,2.844214119653665,11.094979067826193,0.9764111805679169,0.548140474389525,0.15358652099739467,0.6722049729141216,0.7,0.1,10,10,50
537,1.9647099831027959,11.20631354905174,0.9887441438650915,0.5390264498501607,0.10609361967106484,0.6789503296632525,0.7,0.1,10,10,100
538,14.177320302140428,16.984822850687728,0.41390241430566477,-0.05894282188929001,0.7655701050160824,1.0290494749472883,0.7,0.1,10,100,10
539,10.878642124781623,15.949100200300828,0.6549110844224724,0.06626671466472778,0.5874426913133975,0.966298755735136,0.7,0.1,10,100,50
540,10.748886496698978,15.906923384170327,0.6630941254657781,0.0711986324028352,0.5804359349094627,0.9637434137762835,0.7,0.1,10,100,100
541,0.5103196559933529,11.087214502707932,0.9992406076416809,0.5487727000153022,0.02755707456024805,0.6717345457728802,0.7,1.0,3,1,10
542,0.25813852364132633,11.127473101860899,0.9998056935247949,0.5454898628841787,0.013939385754228208,0.67417366984763,0.7,1.0,3,1,50
543,0.25813852364132633,11.127473101860899,0.9998056935247949,0.5454898628841787,0.013939385754228208,0.67417366984763,0.7,1.0,3,1,100
544,2.2435263603458537,12.441570029376832,0.9853227739477948,0.43180050367978695,0.1211496019481913,0.753790087703608,0.7,1.0,3,10,10
545,2.2435263603458537,12.441570029376832,0.9853227739477948,0.43180050367978695,0.1211496019481913,0.753790087703608,0.7,1.0,3,10,50
546,2.2435263603458537,12.441570029376832,0.9853227739477948,0.43180050367978695,0.1211496019481913,0.753790087703608,0.7,1.0,3,10,100
547,11.010565650208198,14.062635871974438,0.6464906611670467,0.2740880751526018,0.5945665133800871,0.852004650719348,0.7,1.0,3,100,10
548,11.010565650208198,14.062635871974438,0.6464906611670467,0.2740880751526018,0.5945665133800871,0.852004650719348,0.7,1.0,3,100,50
549,11.010565650208198,14.062635871974438,0.6464906611670467,0.2740880751526018,0.5945665133800871,0.852004650719348,0.7,1.0,3,100,100
550,0.22985372363919535,11.781461413159509,0.9998459418361976,0.490494592109205,0.012412016911138652,0.7137964751179393,0.7,1.0,5,1,10
551,0.19926770275277192,11.788505610051699,0.9998842141580606,0.48988513811319545,0.010760382982933752,0.7142232577330456,0.7,1.0,5,1,50
552,0.19926770275277192,11.788505610051699,0.9998842141580606,0.48988513811319545,0.010760382982933752,0.7142232577330456,0.7,1.0,5,1,100
553,2.1998591412777544,9.855754738214143,0.9858885585947533,0.6434419527768748,0.11879158810810914,0.59712481712212,0.7,1.0,5,10,10
554,2.1998591412777544,9.855754738214143,0.9858885585947533,0.6434419527768748,0.11879158810810914,0.59712481712212,0.7,1.0,5,10,50
555,2.1998591412777544,9.855754738214143,0.9858885585947533,0.6434419527768748,0.11879158810810914,0.59712481712212,0.7,1.0,5,10,100
556,10.643319478198631,17.01916206018897,0.6696792722120717,-0.063229003569792,0.5747353545658456,1.0311299644418213,0.7,1.0,5,100,10
557,10.643319478198631,17.01916206018897,0.6696792722120717,-0.063229003569792,0.5747353545658456,1.0311299644418213,0.7,1.0,5,100,50
558,10.643319478198631,17.01916206018897,0.6696792722120717,-0.063229003569792,0.5747353545658456,1.0311299644418213,0.7,1.0,5,100,100
559,0.2411522453484865,11.38863858678581,0.9998304240535297,0.5239044856559933,0.01302213294626855,0.6899967495169863,0.7,1.0,8,1,10
560,0.20002471182545226,11.40774059036614,0.999883332756583,0.5223060496205252,0.010801261195665006,0.6911540713758942,0.7,1.0,8,1,50
561,0.20002471182545226,11.40774059036614,0.999883332756583,0.5223060496205252,0.010801261195665006,0.6911540713758942,0.7,1.0,8,1,100
562,2.252839180778905,10.649716662222037,0.985200671472057,0.5836806714050802,0.1216524908415071,0.6452281213609027,0.7,1.0,8,10,10
563,2.252839180778905,10.649716662222037,0.985200671472057,0.5836806714050802,0.1216524908415071,0.6452281213609027,0.7,1.0,8,10,50
564,2.252839180778905,10.649716662222037,0.985200671472057,0.5836806714050802,0.1216524908415071,0.6452281213609027,0.7,1.0,8,10,100
565,10.687510066562044,17.08950163651841,0.6669306240058123,-0.07203573841607325,0.577121630156233,1.0353915869930916,0.7,1.0,8,100,10
566,10.687510066562044,17.08950163651841,0.6669306240058123,-0.07203573841607325,0.577121630156233,1.0353915869930916,0.7,1.0,8,100,50
567,10.687510066562044,17.08950163651841,0.6669306240058123,-0.07203573841607325,0.577121630156233,1.0353915869930916,0.7,1.0,8,100,100
568,0.23241917093502143,11.393973697053212,0.9998424836915416,0.5234583187159183,0.012550550125725212,0.6903199847057027,0.7,1.0,10,1,10
569,0.23241917093502143,11.393973697053212,0.9998424836915416,0.5234583187159183,0.012550550125725212,0.6903199847057027,0.7,1.0,10,1,50
570,0.23241917093502143,11.393973697053212,0.9998424836915416,0.5234583187159183,0.012550550125725212,0.6903199847057027,0.7,1.0,10,1,100
571,2.188477166825282,10.429476654643487,0.9860342047884811,0.6007218907983868,0.11817696565540527,0.631884569523274,0.7,1.0,10,10,10
572,2.188477166825282,10.429476654643487,0.9860342047884811,0.6007218907983868,0.11817696565540527,0.631884569523274,0.7,1.0,10,10,50
573,2.188477166825282,10.429476654643487,0.9860342047884811,0.6007218907983868,0.11817696565540527,0.631884569523274,0.7,1.0,10,10,100
574,10.687510066562044,17.08950163651841,0.6669306240058123,-0.07203573841607325,0.577121630156233,1.0353915869930916,0.7,1.0,10,100,10
575,10.687510066562044,17.08950163651841,0.6669306240058123,-0.07203573841607325,0.577121630156233,1.0353915869930916,0.7,1.0,10,100,50
576,10.687510066562044,17.08950163651841,0.6669306240058123,-0.07203573841607325,0.577121630156233,1.0353915869930916,0.7,1.0,10,100,100
577,18.38567585645398,19.047734422845096,0.014308916253890525,-0.33179420859085074,0.9928197639783918,1.1540338853737573,0.9,0.001,3,1,10
578,17.863923594706243,18.633836846918978,0.0694593817264485,-0.2745446220581498,0.9646453328936764,1.1289573163136637,0.9,0.001,3,1,50
579,17.24174696546117,18.12049281640784,0.13314957935859262,-0.20528701371081493,0.9310480227364254,1.0978556433843272,0.9,0.001,3,1,100
580,18.394207754245567,19.0490864523962,0.013393881425752041,-0.3319832797938844,0.9932804833350184,1.1541157999931742,0.9,0.001,3,10,10
581,17.90668766973731,18.656188091049753,0.06499884546475909,-0.2776040825092905,0.9669545772864623,1.130311497999242,0.9,0.001,3,10,50
582,17.325123329277737,18.183816833261144,0.12474560650799771,-0.2137257439922875,0.9355503158526549,1.101692218358779,0.9,0.001,3,10,100
583,18.458368500264463,19.127801998649904,0.0064991256345166,-0.3430141940859681,0.9967451401263432,1.1588848925091602,0.9,0.001,3,100,10
584,18.223250633183603,18.98454786117557,0.03164783838342078,-0.3229730104132298,0.9840488613969224,1.1502056383157013,0.9,0.001,3,100,50
585,17.9425906295794,18.823022688135897,0.061245726763703434,-0.3005564253079367,0.9688933239713734,1.1404194076338479,0.9,0.001,3,100,100
586,18.38071112465003,19.042935024309475,0.014841181826544037,-0.3311231570347788,0.9925516702789109,1.153743107036735,0.9,0.001,5,1,10
587,17.840210655470848,18.627411241727074,0.07192817954534403,-0.2736657575971584,0.9633648428579155,1.1285680119501695,0.9,0.001,5,1,50
588,17.19270211276776,18.10858006040145,0.1380741480910903,-0.2037027775036464,0.9283996186497007,1.0971338922408906,0.9,0.001,5,1,100
589,18.39219939511444,19.047661897992086,0.01360931350756689,-0.3317840669127705,0.993172032677337,1.1540294913531328,0.9,0.001,5,10,10
590,17.89737591056641,18.64885280505372,0.0659710232316556,-0.2765996169757645,0.9664517457009142,1.1298670793397623,0.9,0.001,5,10,50
591,17.30546346618166,18.168101358478367,0.1267308874316876,-0.21162871079317136,0.9344886904443052,1.1007400741288431,0.9,0.001,5,10,100
592,18.452352154540723,19.129290557494883,0.007146666138575397,-0.34322323362397333,0.9964202596602623,1.1589750789486257,0.9,0.001,5,100,10
593,18.19443416179596,18.995241893263927,0.034707932347793014,-0.32446389665428077,0.9824927824936969,1.1508535513497278,0.9,0.001,5,100,50
594,17.885455703083284,18.829907163756545,0.06721479343791203,-0.301507950101755,0.9658080588616395,1.1408365133101914,0.9,0.001,5,100,100
595,18.379843382104173,19.04154441423554,0.01493419716597666,-0.330928753631925,0.9925048124991753,1.1536588549618667,0.9,0.001,8,1,10
596,17.836003044426764,18.620723812124517,0.07236589912434588,-0.2727514039022556,0.9631376334022329,1.1281628445850604,0.9,0.001,8,1,50
597,17.182654331672182,18.101565180490027,0.13908130933315677,-0.20277038027264904,0.9278570421497286,1.0967088858364598,0.9,0.001,8,1,100
598,18.391071077024602,19.046119574764344,0.01373033528342904,-0.3315684017721323,0.9931111039136412,1.1539360475226226,0.9,0.001,8,10,10
599,17.891803508681672,18.643748295233856,0.06655255815541583,-0.2759008583419902,0.9661508380395808,1.1295578154047672,0.9,0.001,8,10,50
600,17.292553352223404,18.157218645062798,0.1280333429828504,-0.21017761157168113,0.9337915490178468,1.1000807295701898,0.9,0.001,8,10,100
601,18.45117763982188,19.127679946022933,0.007273054767190756,-0.34299705485716503,0.996356836295516,1.158877497778417,0.9,0.001,8,100,10
602,18.189474641427942,18.97934292466431,0.035234107896263134,-0.32224767877826177,0.982224970209848,1.1498902898878058,0.9,0.001,8,100,50
603,17.87034748182311,18.782313854770866,0.06879001447916788,-0.2949370426892266,0.9649922204457568,1.1379530054836302,0.9,0.001,8,100,100
604,18.379843382104173,19.04154441423554,0.01493419716597666,-0.330928753631925,0.9925048124991753,1.1536588549618667,0.9,0.001,10,1,10
605,17.836003044426764,18.620723812124517,0.07236589912434588,-0.2727514039022556,0.9631376334022329,1.1281628445850604,0.9,0.001,10,1,50
606,17.182654331672182,18.101565180490027,0.13908130933315677,-0.20277038027264904,0.9278570421497286,1.0967088858364598,0.9,0.001,10,1,100
607,18.39102135783279,19.04611982688317,0.01373566792165859,-0.3315684370248213,0.9931084190954891,1.1539360627975976,0.9,0.001,10,10,10
608,17.89160832573691,18.643753569297957,0.06657292413211724,-0.2759015802122664,0.9661402982320337,1.1295581349413877,0.9,0.001,10,10,50
609,17.292218762839003,18.157236441797878,0.12806708559546987,-0.21017998387564774,0.9337734813136055,1.1000818078105135,0.9,0.001,10,10,100
610,18.45117763982188,19.127679946022933,0.007273054767190756,-0.34299705485716503,0.996356836295516,1.158877497778417,0.9,0.001,10,100,10
611,18.189474641427942,18.97934292466431,0.035234107896263134,-0.32224767877826177,0.982224970209848,1.1498902898878058,0.9,0.001,10,100,50
612,17.87034748182311,18.782313854770866,0.06879001447916788,-0.2949370426892266,0.9649922204457568,1.1379530054836302,0.9,0.001,10,100,100
613,17.237273786349952,18.035872812254524,0.13359931037538997,-0.19405627613348697,0.9308064727023605,1.0927288209494095,0.9,0.01,3,1,10
614,13.112002303082553,14.952266117058006,0.49867465253745547,0.1793376614573141,0.7080433231537068,0.9059041552739925,0.9,0.01,3,1,50
615,9.692273104835119,13.047439560582278,0.7260742144223638,0.37511362543866844,0.523379198648204,0.7904975487383447,0.9,0.01,3,1,100
616,17.321247906772903,18.101710161235864,0.12513713055510867,-0.20278964703145008,0.9353410444564547,1.0967176696996588,0.9,0.01,3,10,10
617,13.484776755351653,15.28919905058204,0.469764071763454,0.14193549495256275,0.7281730070776766,0.9263177128002235,0.9,0.01,3,10,50
618,10.182603691342537,12.651872308697708,0.6976574216608703,0.4124293855486618,0.5498568707755953,0.7665315482426918,0.9,0.01,3,10,100
619,17.940233137730967,18.824234622939006,0.06149239796092765,-0.30072390535228877,0.9687660202747992,1.140492834415144,0.9,0.01,3,100,10
620,16.041048662270597,18.01546617821602,0.249678929614913,-0.1913557819678302,0.8662107540229959,1.0914924562120574,0.9,0.01,3,100,50
621,14.40603273144899,16.896722234471877,0.3948397074243679,-0.047985797692068344,0.7779204924512737,1.0237117747159443,0.9,0.01,3,100,100
622,17.187337626556797,18.01296981302258,0.13861194231996066,-0.19102563752159285,0.928109938358619,1.0913412104019498,0.9,0.01,5,1,10
623,12.901040147109914,14.938438113819194,0.5146767656019047,0.18085487282302715,0.69665144397905,0.9050663661726541,0.9,0.01,5,1,50
624,9.283809118800528,13.6026143784674,0.7486759585719939,0.32080381102283084,0.5013222929693095,0.8241335989857282,0.9,0.01,5,1,100
625,17.301160951828706,18.086378326209694,0.1271650608163868,-0.20075302588536648,0.9342563562446943,1.0957887688260757,0.9,0.01,5,10,10
626,13.36908144779333,15.236141653014801,0.4788235683584575,0.1478805643951785,0.7219255028335975,0.9231031554516653,0.9,0.01,5,10,50
627,9.971628511702317,12.791956552486734,0.7100562101957888,0.3993459372238586,0.538464288327658,0.7750187499513423,0.9,0.01,5,10,100
628,17.881556067602094,18.842934222644462,0.06762150666866806,-0.30330941258080624,0.9655974799735819,1.141625776067099,0.9,0.01,5,100,10
629,15.895504222028402,17.803697547768326,0.26323286116753686,-0.16351204402405073,0.8583514075438237,1.0786621547194704,0.9,0.01,5,100,50
630,14.235269600128195,17.093611357003105,0.4091013156311033,-0.0725514113809671,0.7686993458881676,1.0356405802115747,0.9,0.01,5,100,100
631,17.178675912362195,18.013446164207654,0.13947993214882815,-0.1910886314622351,0.9276422089637643,1.0913700708111045,0.9,0.01,8,1,10
632,12.852038690724338,14.989824145677309,0.5183565279824638,0.17520970249267254,0.6940053832770581,0.9081796614697597,0.9,0.01,8,1,50
633,9.184277421065703,13.608951326030972,0.7540359604609139,0.320170839586852,0.49594761773708135,0.8245175319016255,0.9,0.01,8,1,100
634,17.287797635081926,18.076231929998638,0.1285128854162514,-0.1994061671242211,0.9335347420336045,1.0951740350849362,0.9,0.01,8,10,10
635,13.310409780440946,15.214811289587898,0.48338800941939797,0.15026480242423612,0.7187572542803322,0.9218108252650128,0.9,0.01,8,10,50
636,9.920113891703286,12.819915908890241,0.7130442402190368,0.3967173707263104,0.5356825177107829,0.7767127070376082,0.9,0.01,8,10,100
637,17.869984241411373,18.754780767750525,0.06882787044824268,-0.29114331608528277,0.9649726055965305,1.1362848745298348,0.9,0.01,8,100,10
638,15.836944256068229,17.527927849758516,0.268651447896362,-0.12774684646502776,0.8551891908248362,1.0619542581792436,0.9,0.01,8,100,50
639,14.131316491215435,16.521640865784534,0.4176998846936004,-0.0019748548109621566,0.763085916071316,1.0009869403798244,0.9,0.01,8,100,100
640,17.178675912362195,18.013446164207654,0.13947993214882815,-0.1910886314622351,0.9276422089637643,1.0913700708111045,0.9,0.01,10,1,10
641,12.848099934757048,14.961838410007198,0.5186517006702092,0.1782865652822443,0.6937926918970759,0.9064841061583792,0.9,0.01,10,1,50
642,9.16905785862218,13.571812809161836,0.7548504749139903,0.3238762531400323,0.4951257669380677,0.8222674424175919,0.9,0.01,10,1,100
643,17.287311324094862,18.076272163952087,0.12856191511995907,-0.19941150639025684,0.9335084814183753,1.0951764727158162,0.9,0.01,10,10,10
644,13.307919707912735,15.217092587615788,0.4835812838592698,0.15000996593337712,0.7186227912755969,0.9219490409272211,0.9,0.01,10,10,50
645,9.916705751904221,12.780232013564065,0.7132413785500175,0.4004464982736786,0.5354984794095895,0.7743084022056852,0.9,0.01,10,10,100
646,17.869984241411373,18.754780767750525,0.06882787044824268,-0.29114331608528277,0.9649726055965305,1.1362848745298348,0.9,0.01,10,100,10
647,15.836944256068229,17.527927849758516,0.268651447896362,-0.12774684646502776,0.8551891908248362,1.0619542581792436,0.9,0.01,10,100,50
648,14.131316491215435,16.521640865784534,0.4176998846936004,-0.0019748548109621566,0.763085916071316,1.0009869403798244,0.9,0.01,10,100,100
649,9.503383599014136,11.811149743407176,0.7366470732785998,0.4879235318833981,0.5131792344994098,0.7155951845258615,0.9,0.1,3,1,10
650,1.9275802146101821,11.594396216712727,0.9891655579856782,0.5065459218130919,0.10408862576824517,0.7024628660555006,0.9,0.1,3,1,50
651,0.6256246709271372,12.050680745724078,0.998858674915217,0.46694302600481763,0.03378350314551539,0.7301075085185621,0.9,0.1,3,1,100
652,9.978108816085932,11.476113236864844,0.7096792337486597,0.5165627427316637,0.5388142223914847,0.6952965247060683,0.9,0.1,3,10,10
653,3.1207839691286074,10.967247813835256,0.9716006079825074,0.5584846763204587,0.1685211915976524,0.664466194534787,0.9,0.1,3,10,50
654,1.9874218537242727,11.55728741302867,0.9884824063596793,0.5096995464553666,0.10732005236823475,0.7002145767867399,0.9,0.1,3,10,100
655,14.321140424598928,16.263883681857642,0.4019509068341578,0.029045258680639896,0.7733363389663273,0.985370357438948,0.9,0.1,3,100,10
656,10.927536981746547,14.917041230310513,0.6518020582025811,0.18319977666521448,0.5900829956857078,0.9037700057729208,0.9,0.1,3,100,50
657,10.814042670899193,14.84814353624946,0.6589973235885301,0.19072750152455453,0.5839543444580834,0.8995957416948156,0.9,0.1,3,100,100
658,9.060351349975202,11.684515546155533,0.760628903780337,0.4988452060559905,0.4892556552761174,0.707922872878119,0.9,0.1,5,1,10
659,1.197118111567975,10.636406018805939,0.9958211610630667,0.5847207019097138,0.0646439396767655,0.6444216772349346,0.9,0.1,5,1,50
660,0.3451600985374136,10.864083042048808,0.9996526056119474,0.5667519459289276,0.01863851893398745,0.6582158111676385,0.9,0.1,5,1,100
661,9.770103771293215,11.711378528356997,0.7216572056963967,0.49653822335287134,0.5275820261377403,0.7095504045852757,0.9,0.1,5,10,10
662,2.9270489259653196,10.688532700145707,0.9750171722660858,0.580640343279091,0.15805957020666067,0.6475798458266818,0.9,0.1,5,10,50
663,1.8880583730653975,10.918125080719221,0.9896052879236925,0.562430947635502,0.10195446079651199,0.6614900243877438,0.9,0.1,5,10,100
664,14.136452974184017,16.705199616296866,0.41727649622730223,-0.02436281917060823,0.7633632842707971,1.0121081064642294,0.9,0.1,5,100,10
665,10.790716580563918,15.462873726943366,0.6604668351734397,0.12233074264574517,0.5826947441212769,0.9368400382958953,0.9,0.1,5,100,50
666,10.716471349921841,15.448384073504512,0.6651230586962058,0.12397483096183848,0.578685528852929,0.9359621621829386,0.9,0.1,5,100,100
667,8.977669505439895,12.267467700504668,0.7649778162945864,0.4475915490242668,0.4847908659467643,0.7432418522767223,0.9,0.1,8,1,10
668,1.156639508201314,10.546248713856244,0.9960989845055974,0.5917309239842561,0.06245810991698781,0.6389593696126099,0.9,0.1,8,1,50
669,0.31732644669289584,10.591045306773676,0.9997063742310266,0.588255203524711,0.0171355119262124,0.6416734344472187,0.9,0.1,8,1,100
670,9.697517608971722,12.323762989561963,0.725777690877345,0.44250992201209616,0.5236623999512042,0.7466525818531023,0.9,0.1,8,10,10
671,2.828901701379129,10.361341113587995,0.9766644874934128,0.6059217998579413,0.15275965601750724,0.6277564815611694,0.9,0.1,8,10,50
672,1.9686731539707638,10.53320804167121,0.9886986879214139,0.592739967416039,0.1063076294467436,0.6381692820748747,0.9,0.1,8,10,100
673,14.057034076933656,16.491788764145703,0.42380561059871025,0.0016427075214792142,0.7590746929000399,0.9991783086509237,0.9,0.1,8,100,10
674,10.800882110231717,15.0057349567074,0.65982681090534,0.17345784108013584,0.583243679001033,0.9091436404220534,0.9,0.1,8,100,50
675,10.68467456105337,14.945815686355338,0.6671073339714415,0.18004557872744642,0.5769685138970396,0.9055133468218751,0.9,0.1,8,100,100
676,8.965737998676236,12.26796667220572,0.7656020997734798,0.44754661036262045,0.4841465689504782,0.7432720831817777,0.9,0.1,10,1,10
677,1.1617339726602431,10.843513048721709,0.9960645444719589,0.5683910115854006,0.06273320913233349,0.6569695490771238,0.9,0.1,10,1,50
678,0.31953823252527547,10.858729690973423,0.9997022667850028,0.5671788126041203,0.017254947551272822,0.6578914708338145,0.9,0.1,10,1,100
679,9.695423306241526,12.32547652426332,0.7258961217046214,0.4423548808923389,0.5235493083706431,0.746756398772492,0.9,0.1,10,10,10
680,2.8357487015408136,10.36722902771177,0.9765513894529972,0.6054737964886727,0.15312939151907692,0.6281132091520821,0.9,0.1,10,10,50
681,1.9771385659438172,10.493905601530827,0.9886012863224686,0.5957735068470434,0.10676475859351447,0.6357880882439969,0.9,0.1,10,10,100
682,14.057034076933656,16.491788764145703,0.42380561059871025,0.0016427075214792142,0.7590746929000399,0.9991783086509237,0.9,0.1,10,100,10
683,10.800882110231717,15.0057349567074,0.65982681090534,0.17345784108013584,0.583243679001033,0.9091436404220534,0.9,0.1,10,100,50
684,10.68467456105337,14.945815686355338,0.6671073339714415,0.18004557872744642,0.5769685138970396,0.9055133468218751,0.9,0.1,10,100,100
685,0.4011267851681386,11.223228652912805,0.9995308140963578,0.5376337884266439,0.021660699518763937,0.6799751551147704,0.9,1.0,3,1,10
686,0.24103613735419296,11.228990157405535,0.9998305873062758,0.5371589502392113,0.013015863157091882,0.680324223999696,0.9,1.0,3,1,50
687,0.24103613735419296,11.228990157405535,0.9998305873062758,0.5371589502392113,0.013015863157091882,0.680324223999696,0.9,1.0,3,1,100
688,2.132166107658388,12.803647328255765,0.9867436579641865,0.3982475406268039,0.11513618907977434,0.7757270521086629,0.9,1.0,3,10,10
689,2.132166107658388,12.803647328255765,0.9867436579641865,0.3982475406268039,0.11513618907977434,0.7757270521086629,0.9,1.0,3,10,50
690,2.132166107658388,12.803647328255765,0.9867436579641865,0.3982475406268039,0.11513618907977434,0.7757270521086629,0.9,1.0,3,10,100
691,10.963887433360044,14.146809212079907,0.6494816442858673,0.26537202798910753,0.5920459067624171,0.8571044113822379,0.9,1.0,3,100,10
692,10.963887433360044,14.146809212079907,0.6494816442858673,0.26537202798910753,0.5920459067624171,0.8571044113822379,0.9,1.0,3,100,50
693,10.963887433360044,14.146809212079907,0.6494816442858673,0.26537202798910753,0.5920459067624171,0.8571044113822379,0.9,1.0,3,100,100
694,0.22919426799242887,11.423713448827334,0.9998468245609664,0.5209674007322047,0.012376406547685678,0.6921218095594122,0.9,1.0,5,1,10
695,0.1943897654412997,11.419674659314794,0.9998898134916168,0.5213060594080405,0.010496976154265161,0.6918771137940316,0.9,1.0,5,1,50
696,0.1943897654412997,11.419674659314794,0.9998898134916168,0.5213060594080405,0.010496976154265161,0.6918771137940316,0.9,1.0,5,1,100
697,1.9525510006911535,11.438434864647503,0.9888830307915013,0.519731973741205,0.10543703907308227,0.693013727323489,0.9,1.0,5,10,10
698,1.9525510006911535,11.438434864647503,0.9888830307915013,0.519731973741205,0.10543703907308227,0.693013727323489,0.9,1.0,5,10,50
699,1.9525510006911535,11.438434864647503,0.9888830307915013,0.519731973741205,0.10543703907308227,0.693013727323489,0.9,1.0,5,10,100
700,10.490514800287357,16.635182597501522,0.6790959254294666,-0.015793927406385633,0.5664839579110194,1.0078660265166128,0.9,1.0,5,100,10
701,10.490514800287357,16.635182597501522,0.6790959254294666,-0.015793927406385633,0.5664839579110194,1.0078660265166128,0.9,1.0,5,100,50
702,10.490514800287357,16.635182597501522,0.6790959254294666,-0.015793927406385633,0.5664839579110194,1.0078660265166128,0.9,1.0,5,100,100
703,0.23678822550417622,9.854476354949938,0.9998365059938416,0.6435344445830291,0.0127864774726459,0.5970473644669833,0.9,1.0,8,1,10
704,0.21238908508575954,9.870960904920603,0.9998684635798725,0.6423408572474829,0.011468932824267654,0.59804610420311,0.9,1.0,8,1,50
705,0.21238908508575954,9.870960904920603,0.9998684635798725,0.6423408572474829,0.011468932824267654,0.59804610420311,0.9,1.0,8,1,100
706,1.87150509058966,9.33658442789951,0.9897867572288664,0.6800172804891622,0.10106058960412609,0.5656701508041924,0.9,1.0,8,10,10
707,1.87150509058966,9.33658442789951,0.9897867572288664,0.6800172804891622,0.10106058960412609,0.5656701508041924,0.9,1.0,8,10,50
708,1.87150509058966,9.33658442789951,0.9897867572288664,0.6800172804891622,0.10106058960412609,0.5656701508041924,0.9,1.0,8,10,100
709,10.686996363381887,17.196992849957358,0.6669626416946097,-0.08556414096202336,0.5770938903726068,1.0419040939366844,0.9,1.0,8,100,10
710,10.686996363381887,17.196992849957358,0.6669626416946097,-0.08556414096202336,0.5770938903726068,1.0419040939366844,0.9,1.0,8,100,50
711,10.686996363381887,17.196992849957358,0.6669626416946097,-0.08556414096202336,0.5770938903726068,1.0419040939366844,0.9,1.0,8,100,100
712,0.2254025529395306,9.979802778078568,0.9998518508066923,0.6344099349633813,0.012171655323238832,0.6046404427729084,0.9,1.0,10,1,10
713,0.2254025529395306,9.979802778078568,0.9998518508066923,0.6344099349633813,0.012171655323238832,0.6046404427729084,0.9,1.0,10,1,50
714,0.2254025529395306,9.979802778078568,0.9998518508066923,0.6344099349633813,0.012171655323238832,0.6046404427729084,0.9,1.0,10,1,100
715,1.8155675817497632,10.088060529944274,0.9903881614177944,0.6264353037940458,0.09803998460937031,0.611199391529437,0.9,1.0,10,10,10
716,1.8155675817497632,10.088060529944274,0.9903881614177944,0.6264353037940458,0.09803998460937031,0.611199391529437,0.9,1.0,10,10,50
717,1.8155675817497632,10.088060529944274,0.9903881614177944,0.6264353037940458,0.09803998460937031,0.611199391529437,0.9,1.0,10,10,100
718,10.686996363381887,17.196992849957358,0.6669626416946097,-0.08556414096202336,0.5770938903726068,1.0419040939366844,0.9,1.0,10,100,10
719,10.686996363381887,17.196992849957358,0.6669626416946097,-0.08556414096202336,0.5770938903726068,1.0419040939366844,0.9,1.0,10,100,50
720,10.686996363381887,17.196992849957358,0.6669626416946097,-0.08556414096202336,0.5770938903726068,1.0419040939366844,0.9,1.0,10,100,100
